"source"	"target"	"weight"	"dia"	"x"	"y"	"xend"	"yend"
"1"	"AE"	"AU"	1	2020-06-23	53.847818	23.424076	133.775136	-25.274398
"2"	"AE"	"CA"	3	2020-06-23	53.847818	23.424076	-106.346771	56.130366
"3"	"AE"	"DK"	1	2020-06-23	53.847818	23.424076	9.501785	56.26392
"4"	"AE"	"EG"	1	2020-06-23	53.847818	23.424076	30.802498	26.820553
"5"	"AE"	"GB"	3	2020-06-23	53.847818	23.424076	-3.435973	55.378051
"6"	"AE"	"HK"	2	2020-06-23	53.847818	23.424076	114.109497	22.396428
"7"	"AE"	"IN"	3	2020-06-23	53.847818	23.424076	78.96288	20.593684
"8"	"AE"	"IR"	1	2020-06-23	53.847818	23.424076	53.688046	32.427908
"9"	"AE"	"IT"	2	2020-06-23	53.847818	23.424076	12.56738	41.87194
"10"	"AE"	"JO"	2	2020-06-23	53.847818	23.424076	36.238414	30.585164
"11"	"AE"	"OM"	1	2020-06-23	53.847818	23.424076	55.923255	21.512583
"12"	"AE"	"QA"	2	2020-06-23	53.847818	23.424076	51.183884	25.354826
"13"	"AE"	"SA"	3	2020-06-23	53.847818	23.424076	45.079162	23.885942
"14"	"AE"	"SE"	1	2020-06-23	53.847818	23.424076	18.643501	60.128161
"15"	"AE"	"SG"	1	2020-06-23	53.847818	23.424076	103.819836	1.352083
"16"	"AE"	"TN"	1	2020-06-23	53.847818	23.424076	9.537499	33.886917
"17"	"AE"	"TR"	1	2020-06-23	53.847818	23.424076	35.243322	38.963745
"18"	"AE"	"US"	27	2020-06-23	53.847818	23.424076	-95.712891	37.09024
"19"	"AE"	"ZA"	2	2020-06-23	53.847818	23.424076	22.937506	-30.559482
"20"	"AF"	"IR"	1	2020-06-23	67.709953	33.93911	53.688046	32.427908
"21"	"AF"	"TR"	1	2020-06-23	67.709953	33.93911	35.243322	38.963745
"22"	"AF"	"US"	1	2020-06-23	67.709953	33.93911	-95.712891	37.09024
"23"	"AF"	"VN"	1	2020-06-23	67.709953	33.93911	108.277199	14.058324
"24"	"AF"	"YE"	1	2020-06-23	67.709953	33.93911	48.516388	15.552727
"25"	"AF"	"ZW"	1	2020-06-23	67.709953	33.93911	29.154857	-19.015438
"26"	"AL"	"MA"	1	2020-06-23	20.168331	41.153332	-7.09262	31.791702
"27"	"AL"	"US"	1	2020-06-23	20.168331	41.153332	-95.712891	37.09024
"28"	"AL"	"XK"	2	2020-06-23	20.168331	41.153332	20.902977	42.602636
"29"	"AM"	"RU"	1	2020-06-23	45.038189	40.069099	105.318756	61.52401
"30"	"AM"	"US"	1	2020-06-23	45.038189	40.069099	-95.712891	37.09024
"31"	"AM"	"ZW"	1	2020-06-23	45.038189	40.069099	29.154857	-19.015438
"32"	"AR"	"CA"	4	2020-06-23	-63.616672	-38.416097	-106.346771	56.130366
"33"	"AR"	"CH"	1	2020-06-23	-63.616672	-38.416097	8.227512	46.818188
"34"	"AR"	"CL"	3	2020-06-23	-63.616672	-38.416097	-71.542969	-35.675147
"35"	"AR"	"ES"	3	2020-06-23	-63.616672	-38.416097	-3.74922	40.463667
"36"	"AR"	"FR"	2	2020-06-23	-63.616672	-38.416097	2.213749	46.227638
"37"	"AR"	"GB"	1	2020-06-23	-63.616672	-38.416097	-3.435973	55.378051
"38"	"AR"	"IT"	1	2020-06-23	-63.616672	-38.416097	12.56738	41.87194
"39"	"AR"	"MA"	1	2020-06-23	-63.616672	-38.416097	-7.09262	31.791702
"40"	"AR"	"MX"	3	2020-06-23	-63.616672	-38.416097	-102.552784	23.634501
"41"	"AR"	"NL"	1	2020-06-23	-63.616672	-38.416097	5.291266	52.132633
"42"	"AR"	"NP"	1	2020-06-23	-63.616672	-38.416097	84.124008	28.394857
"43"	"AR"	"PE"	1	2020-06-23	-63.616672	-38.416097	-75.015152	-9.189967
"44"	"AR"	"PL"	2	2020-06-23	-63.616672	-38.416097	19.145136	51.919438
"45"	"AR"	"PT"	2	2020-06-23	-63.616672	-38.416097	-8.224454	39.399872
"46"	"AR"	"SE"	1	2020-06-23	-63.616672	-38.416097	18.643501	60.128161
"47"	"AR"	"TR"	1	2020-06-23	-63.616672	-38.416097	35.243322	38.963745
"48"	"AR"	"US"	25	2020-06-23	-63.616672	-38.416097	-95.712891	37.09024
"49"	"AR"	"UY"	3	2020-06-23	-63.616672	-38.416097	-55.765835	-32.522779
"50"	"AR"	"VE"	5	2020-06-23	-63.616672	-38.416097	-66.58973	6.42375
"51"	"AR"	"VN"	1	2020-06-23	-63.616672	-38.416097	108.277199	14.058324
"52"	"AR"	"ZA"	8	2020-06-23	-63.616672	-38.416097	22.937506	-30.559482
"53"	"AT"	"CA"	2	2020-06-23	14.550072	47.516231	-106.346771	56.130366
"54"	"AT"	"CH"	6	2020-06-23	14.550072	47.516231	8.227512	46.818188
"55"	"AT"	"CN"	1	2020-06-23	14.550072	47.516231	104.195397	35.86166
"56"	"AT"	"DE"	8	2020-06-23	14.550072	47.516231	10.451526	51.165691
"57"	"AT"	"ES"	1	2020-06-23	14.550072	47.516231	-3.74922	40.463667
"58"	"AT"	"FR"	4	2020-06-23	14.550072	47.516231	2.213749	46.227638
"59"	"AT"	"GB"	8	2020-06-23	14.550072	47.516231	-3.435973	55.378051
"60"	"AT"	"GP"	1	2020-06-23	14.550072	47.516231	-62.067641	16.995971
"61"	"AT"	"HK"	1	2020-06-23	14.550072	47.516231	114.109497	22.396428
"62"	"AT"	"IL"	2	2020-06-23	14.550072	47.516231	34.851612	31.046051
"63"	"AT"	"IN"	3	2020-06-23	14.550072	47.516231	78.96288	20.593684
"64"	"AT"	"IR"	1	2020-06-23	14.550072	47.516231	53.688046	32.427908
"65"	"AT"	"IT"	14	2020-06-23	14.550072	47.516231	12.56738	41.87194
"66"	"AT"	"KR"	3	2020-06-23	14.550072	47.516231	127.766922	35.907757
"67"	"AT"	"LU"	2	2020-06-23	14.550072	47.516231	6.129583	49.815273
"68"	"AT"	"NL"	9	2020-06-23	14.550072	47.516231	5.291266	52.132633
"69"	"AT"	"NO"	2	2020-06-23	14.550072	47.516231	8.468946	60.472024
"70"	"AT"	"PL"	3	2020-06-23	14.550072	47.516231	19.145136	51.919438
"71"	"AT"	"PT"	4	2020-06-23	14.550072	47.516231	-8.224454	39.399872
"72"	"AT"	"RO"	1	2020-06-23	14.550072	47.516231	24.96676	45.943161
"73"	"AT"	"RU"	2	2020-06-23	14.550072	47.516231	105.318756	61.52401
"74"	"AT"	"SA"	1	2020-06-23	14.550072	47.516231	45.079162	23.885942
"75"	"AT"	"SE"	8	2020-06-23	14.550072	47.516231	18.643501	60.128161
"76"	"AT"	"SI"	1	2020-06-23	14.550072	47.516231	14.995463	46.151241
"77"	"AT"	"TR"	11	2020-06-23	14.550072	47.516231	35.243322	38.963745
"78"	"AT"	"US"	53	2020-06-23	14.550072	47.516231	-95.712891	37.09024
"79"	"AT"	"UZ"	1	2020-06-23	14.550072	47.516231	64.585262	41.377491
"80"	"AT"	"VN"	1	2020-06-23	14.550072	47.516231	108.277199	14.058324
"81"	"AT"	"ZA"	8	2020-06-23	14.550072	47.516231	22.937506	-30.559482
"82"	"AT"	"ZW"	1	2020-06-23	14.550072	47.516231	29.154857	-19.015438
"83"	"AU"	"BD"	3	2020-06-23	133.775136	-25.274398	90.356331	23.684994
"84"	"AU"	"BE"	1	2020-06-23	133.775136	-25.274398	4.469936	50.503887
"85"	"AU"	"BR"	3	2020-06-23	133.775136	-25.274398	-51.92528	-14.235004
"86"	"AU"	"CA"	4	2020-06-23	133.775136	-25.274398	-106.346771	56.130366
"87"	"AU"	"CH"	4	2020-06-23	133.775136	-25.274398	8.227512	46.818188
"88"	"AU"	"CL"	1	2020-06-23	133.775136	-25.274398	-71.542969	-35.675147
"89"	"AU"	"CN"	48	2020-06-23	133.775136	-25.274398	104.195397	35.86166
"90"	"AU"	"DE"	6	2020-06-23	133.775136	-25.274398	10.451526	51.165691
"91"	"AU"	"DK"	7	2020-06-23	133.775136	-25.274398	9.501785	56.26392
"92"	"AU"	"EG"	1	2020-06-23	133.775136	-25.274398	30.802498	26.820553
"93"	"AU"	"ET"	1	2020-06-23	133.775136	-25.274398	40.489673	9.145
"94"	"AU"	"FI"	2	2020-06-23	133.775136	-25.274398	25.748151	61.92411
"95"	"AU"	"FR"	4	2020-06-23	133.775136	-25.274398	2.213749	46.227638
"96"	"AU"	"GB"	45	2020-06-23	133.775136	-25.274398	-3.435973	55.378051
"97"	"AU"	"GH"	1	2020-06-23	133.775136	-25.274398	-1.023194	7.946527
"98"	"AU"	"GR"	1	2020-06-23	133.775136	-25.274398	21.824312	39.074208
"99"	"AU"	"HK"	7	2020-06-23	133.775136	-25.274398	114.109497	22.396428
"100"	"AU"	"IE"	3	2020-06-23	133.775136	-25.274398	-8.24389	53.41291
"101"	"AU"	"IL"	2	2020-06-23	133.775136	-25.274398	34.851612	31.046051
"102"	"AU"	"IN"	7	2020-06-23	133.775136	-25.274398	78.96288	20.593684
"103"	"AU"	"IR"	12	2020-06-23	133.775136	-25.274398	53.688046	32.427908
"104"	"AU"	"IT"	29	2020-06-23	133.775136	-25.274398	12.56738	41.87194
"105"	"AU"	"JO"	2	2020-06-23	133.775136	-25.274398	36.238414	30.585164
"106"	"AU"	"KE"	1	2020-06-23	133.775136	-25.274398	37.906193	-0.023559
"107"	"AU"	"KR"	2	2020-06-23	133.775136	-25.274398	127.766922	35.907757
"108"	"AU"	"LB"	1	2020-06-23	133.775136	-25.274398	35.862285	33.854721
"109"	"AU"	"LK"	3	2020-06-23	133.775136	-25.274398	80.771797	7.873054
"110"	"AU"	"MO"	1	2020-06-23	133.775136	-25.274398	113.543873	22.198745
"111"	"AU"	"MY"	7	2020-06-23	133.775136	-25.274398	101.975766	4.210484
"112"	"AU"	"NG"	1	2020-06-23	133.775136	-25.274398	8.675277	9.081999
"113"	"AU"	"NL"	12	2020-06-23	133.775136	-25.274398	5.291266	52.132633
"114"	"AU"	"NO"	1	2020-06-23	133.775136	-25.274398	8.468946	60.472024
"115"	"AU"	"NZ"	24	2020-06-23	133.775136	-25.274398	174.885971	-40.900557
"116"	"AU"	"PE"	1	2020-06-23	133.775136	-25.274398	-75.015152	-9.189967
"117"	"AU"	"PG"	1	2020-06-23	133.775136	-25.274398	143.95555	-6.314993
"118"	"AU"	"PK"	2	2020-06-23	133.775136	-25.274398	69.345116	30.375321
"119"	"AU"	"PT"	3	2020-06-23	133.775136	-25.274398	-8.224454	39.399872
"120"	"AU"	"QA"	3	2020-06-23	133.775136	-25.274398	51.183884	25.354826
"121"	"AU"	"RS"	1	2020-06-23	133.775136	-25.274398	21.005859	44.016521
"122"	"AU"	"RU"	2	2020-06-23	133.775136	-25.274398	105.318756	61.52401
"123"	"AU"	"SA"	6	2020-06-23	133.775136	-25.274398	45.079162	23.885942
"124"	"AU"	"SE"	8	2020-06-23	133.775136	-25.274398	18.643501	60.128161
"125"	"AU"	"SG"	7	2020-06-23	133.775136	-25.274398	103.819836	1.352083
"126"	"AU"	"TH"	2	2020-06-23	133.775136	-25.274398	100.992541	15.870032
"127"	"AU"	"TR"	1	2020-06-23	133.775136	-25.274398	35.243322	38.963745
"128"	"AU"	"TW"	4	2020-06-23	133.775136	-25.274398	120.960515	23.69781
"129"	"AU"	"TZ"	1	2020-06-23	133.775136	-25.274398	34.888822	-6.369028
"130"	"AU"	"US"	236	2020-06-23	133.775136	-25.274398	-95.712891	37.09024
"131"	"AU"	"UY"	2	2020-06-23	133.775136	-25.274398	-55.765835	-32.522779
"132"	"AU"	"VN"	4	2020-06-23	133.775136	-25.274398	108.277199	14.058324
"133"	"AU"	"XK"	1	2020-06-23	133.775136	-25.274398	20.902977	42.602636
"134"	"AU"	"ZA"	25	2020-06-23	133.775136	-25.274398	22.937506	-30.559482
"135"	"AZ"	"IT"	1	2020-06-23	47.576927	40.143105	12.56738	41.87194
"136"	"AZ"	"TR"	2	2020-06-23	47.576927	40.143105	35.243322	38.963745
"137"	"BA"	"US"	1	2020-06-23	17.679076	43.915886	-95.712891	37.09024
"138"	"BA"	"XK"	1	2020-06-23	17.679076	43.915886	20.902977	42.602636
"139"	"BB"	"AW"	1	2020-06-23	-59.543198	13.193887	-69.968338	12.52111
"140"	"BB"	"GB"	1	2020-06-23	-59.543198	13.193887	-3.435973	55.378051
"141"	"BB"	"NL"	1	2020-06-23	-59.543198	13.193887	5.291266	52.132633
"142"	"BD"	"CA"	1	2020-06-23	90.356331	23.684994	-106.346771	56.130366
"143"	"BD"	"CN"	1	2020-06-23	90.356331	23.684994	104.195397	35.86166
"144"	"BD"	"GB"	6	2020-06-23	90.356331	23.684994	-3.435973	55.378051
"145"	"BD"	"IN"	3	2020-06-23	90.356331	23.684994	78.96288	20.593684
"146"	"BD"	"IT"	1	2020-06-23	90.356331	23.684994	12.56738	41.87194
"147"	"BD"	"KR"	1	2020-06-23	90.356331	23.684994	127.766922	35.907757
"148"	"BD"	"MY"	1	2020-06-23	90.356331	23.684994	101.975766	4.210484
"149"	"BD"	"NO"	2	2020-06-23	90.356331	23.684994	8.468946	60.472024
"150"	"BD"	"NP"	5	2020-06-23	90.356331	23.684994	84.124008	28.394857
"151"	"BD"	"PK"	2	2020-06-23	90.356331	23.684994	69.345116	30.375321
"152"	"BD"	"SE"	2	2020-06-23	90.356331	23.684994	18.643501	60.128161
"153"	"BD"	"TW"	2	2020-06-23	90.356331	23.684994	120.960515	23.69781
"154"	"BD"	"US"	15	2020-06-23	90.356331	23.684994	-95.712891	37.09024
"155"	"BD"	"ZA"	2	2020-06-23	90.356331	23.684994	22.937506	-30.559482
"156"	"BD"	"ZW"	1	2020-06-23	90.356331	23.684994	29.154857	-19.015438
"157"	"BE"	"CA"	3	2020-06-23	4.469936	50.503887	-106.346771	56.130366
"158"	"BE"	"CH"	1	2020-06-23	4.469936	50.503887	8.227512	46.818188
"159"	"BE"	"CL"	1	2020-06-23	4.469936	50.503887	-71.542969	-35.675147
"160"	"BE"	"CN"	3	2020-06-23	4.469936	50.503887	104.195397	35.86166
"161"	"BE"	"DE"	1	2020-06-23	4.469936	50.503887	10.451526	51.165691
"162"	"BE"	"ES"	2	2020-06-23	4.469936	50.503887	-3.74922	40.463667
"163"	"BE"	"FR"	16	2020-06-23	4.469936	50.503887	2.213749	46.227638
"164"	"BE"	"GB"	12	2020-06-23	4.469936	50.503887	-3.435973	55.378051
"165"	"BE"	"IE"	2	2020-06-23	4.469936	50.503887	-8.24389	53.41291
"166"	"BE"	"IT"	23	2020-06-23	4.469936	50.503887	12.56738	41.87194
"167"	"BE"	"LU"	1	2020-06-23	4.469936	50.503887	6.129583	49.815273
"168"	"BE"	"NI"	1	2020-06-23	4.469936	50.503887	-85.207229	12.865416
"169"	"BE"	"NL"	15	2020-06-23	4.469936	50.503887	5.291266	52.132633
"170"	"BE"	"NO"	2	2020-06-23	4.469936	50.503887	8.468946	60.472024
"171"	"BE"	"NP"	1	2020-06-23	4.469936	50.503887	84.124008	28.394857
"172"	"BE"	"NZ"	1	2020-06-23	4.469936	50.503887	174.885971	-40.900557
"173"	"BE"	"PH"	1	2020-06-23	4.469936	50.503887	121.774017	12.879721
"174"	"BE"	"PL"	5	2020-06-23	4.469936	50.503887	19.145136	51.919438
"175"	"BE"	"PT"	8	2020-06-23	4.469936	50.503887	-8.224454	39.399872
"176"	"BE"	"RO"	1	2020-06-23	4.469936	50.503887	24.96676	45.943161
"177"	"BE"	"SE"	12	2020-06-23	4.469936	50.503887	18.643501	60.128161
"178"	"BE"	"SG"	2	2020-06-23	4.469936	50.503887	103.819836	1.352083
"179"	"BE"	"SK"	2	2020-06-23	4.469936	50.503887	19.699024	48.669026
"180"	"BE"	"TR"	6	2020-06-23	4.469936	50.503887	35.243322	38.963745
"181"	"BE"	"UA"	2	2020-06-23	4.469936	50.503887	31.16558	48.379433
"182"	"BE"	"UG"	1	2020-06-23	4.469936	50.503887	32.290275	1.373333
"183"	"BE"	"US"	73	2020-06-23	4.469936	50.503887	-95.712891	37.09024
"184"	"BE"	"VE"	2	2020-06-23	4.469936	50.503887	-66.58973	6.42375
"185"	"BE"	"VN"	2	2020-06-23	4.469936	50.503887	108.277199	14.058324
"186"	"BE"	"ZA"	17	2020-06-23	4.469936	50.503887	22.937506	-30.559482
"187"	"BE"	"ZW"	1	2020-06-23	4.469936	50.503887	29.154857	-19.015438
"188"	"BF"	"CG"	1	2020-06-23	-1.561593	12.238333	15.827659	-0.228021
"189"	"BF"	"RU"	1	2020-06-23	-1.561593	12.238333	105.318756	61.52401
"190"	"BG"	"TH"	1	2020-06-23	25.48583	42.733883	100.992541	15.870032
"191"	"BG"	"TR"	3	2020-06-23	25.48583	42.733883	35.243322	38.963745
"192"	"BG"	"US"	4	2020-06-23	25.48583	42.733883	-95.712891	37.09024
"193"	"BG"	"XK"	1	2020-06-23	25.48583	42.733883	20.902977	42.602636
"194"	"BG"	"ZW"	1	2020-06-23	25.48583	42.733883	29.154857	-19.015438
"195"	"BH"	"EG"	1	2020-06-23	50.637772	25.930414	30.802498	26.820553
"196"	"BH"	"US"	2	2020-06-23	50.637772	25.930414	-95.712891	37.09024
"197"	"BH"	"ZW"	1	2020-06-23	50.637772	25.930414	29.154857	-19.015438
"198"	"BI"	"IT"	1	2020-06-23	29.918886	-3.373056	12.56738	41.87194
"199"	"BJ"	"CN"	2	2020-06-23	2.315834	9.30769	104.195397	35.86166
"200"	"BJ"	"IN"	1	2020-06-23	2.315834	9.30769	78.96288	20.593684
"201"	"BJ"	"MT"	1	2020-06-23	2.315834	9.30769	14.375416	35.937496
"202"	"BJ"	"ZW"	1	2020-06-23	2.315834	9.30769	29.154857	-19.015438
"203"	"BN"	"IN"	1	2020-06-23	114.727669	4.535277	78.96288	20.593684
"204"	"BN"	"MY"	1	2020-06-23	114.727669	4.535277	101.975766	4.210484
"205"	"BN"	"PK"	1	2020-06-23	114.727669	4.535277	69.345116	30.375321
"206"	"BN"	"SG"	5	2020-06-23	114.727669	4.535277	103.819836	1.352083
"207"	"BO"	"CH"	2	2020-06-23	-63.588653	-16.290154	8.227512	46.818188
"208"	"BO"	"CO"	3	2020-06-23	-63.588653	-16.290154	-74.297333	4.570868
"209"	"BO"	"MX"	1	2020-06-23	-63.588653	-16.290154	-102.552784	23.634501
"210"	"BO"	"US"	2	2020-06-23	-63.588653	-16.290154	-95.712891	37.09024
"211"	"BO"	"VE"	3	2020-06-23	-63.588653	-16.290154	-66.58973	6.42375
"212"	"BR"	"CA"	8	2020-06-23	-51.92528	-14.235004	-106.346771	56.130366
"213"	"BR"	"CH"	3	2020-06-23	-51.92528	-14.235004	8.227512	46.818188
"214"	"BR"	"CL"	1	2020-06-23	-51.92528	-14.235004	-71.542969	-35.675147
"215"	"BR"	"CN"	2	2020-06-23	-51.92528	-14.235004	104.195397	35.86166
"216"	"BR"	"CO"	2	2020-06-23	-51.92528	-14.235004	-74.297333	4.570868
"217"	"BR"	"DE"	1	2020-06-23	-51.92528	-14.235004	10.451526	51.165691
"218"	"BR"	"DK"	1	2020-06-23	-51.92528	-14.235004	9.501785	56.26392
"219"	"BR"	"ES"	6	2020-06-23	-51.92528	-14.235004	-3.74922	40.463667
"220"	"BR"	"FR"	3	2020-06-23	-51.92528	-14.235004	2.213749	46.227638
"221"	"BR"	"GB"	10	2020-06-23	-51.92528	-14.235004	-3.435973	55.378051
"222"	"BR"	"IE"	1	2020-06-23	-51.92528	-14.235004	-8.24389	53.41291
"223"	"BR"	"IN"	2	2020-06-23	-51.92528	-14.235004	78.96288	20.593684
"224"	"BR"	"IT"	22	2020-06-23	-51.92528	-14.235004	12.56738	41.87194
"225"	"BR"	"KR"	1	2020-06-23	-51.92528	-14.235004	127.766922	35.907757
"226"	"BR"	"LU"	1	2020-06-23	-51.92528	-14.235004	6.129583	49.815273
"227"	"BR"	"MT"	1	2020-06-23	-51.92528	-14.235004	14.375416	35.937496
"228"	"BR"	"MX"	3	2020-06-23	-51.92528	-14.235004	-102.552784	23.634501
"229"	"BR"	"MZ"	2	2020-06-23	-51.92528	-14.235004	35.529562	-18.665695
"230"	"BR"	"NL"	2	2020-06-23	-51.92528	-14.235004	5.291266	52.132633
"231"	"BR"	"NO"	3	2020-06-23	-51.92528	-14.235004	8.468946	60.472024
"232"	"BR"	"PE"	1	2020-06-23	-51.92528	-14.235004	-75.015152	-9.189967
"233"	"BR"	"PT"	11	2020-06-23	-51.92528	-14.235004	-8.224454	39.399872
"234"	"BR"	"PY"	1	2020-06-23	-51.92528	-14.235004	-58.443832	-23.442503
"235"	"BR"	"QA"	1	2020-06-23	-51.92528	-14.235004	51.183884	25.354826
"236"	"BR"	"SE"	2	2020-06-23	-51.92528	-14.235004	18.643501	60.128161
"237"	"BR"	"SG"	2	2020-06-23	-51.92528	-14.235004	103.819836	1.352083
"238"	"BR"	"TR"	2	2020-06-23	-51.92528	-14.235004	35.243322	38.963745
"239"	"BR"	"TW"	1	2020-06-23	-51.92528	-14.235004	120.960515	23.69781
"240"	"BR"	"UG"	1	2020-06-23	-51.92528	-14.235004	32.290275	1.373333
"241"	"BR"	"US"	115	2020-06-23	-51.92528	-14.235004	-95.712891	37.09024
"242"	"BR"	"UY"	4	2020-06-23	-51.92528	-14.235004	-55.765835	-32.522779
"243"	"BR"	"VE"	4	2020-06-23	-51.92528	-14.235004	-66.58973	6.42375
"244"	"BR"	"VN"	1	2020-06-23	-51.92528	-14.235004	108.277199	14.058324
"245"	"BR"	"XK"	2	2020-06-23	-51.92528	-14.235004	20.902977	42.602636
"246"	"BR"	"ZA"	22	2020-06-23	-51.92528	-14.235004	22.937506	-30.559482
"247"	"BW"	"ZA"	1	2020-06-23	24.684866	-22.328474	22.937506	-30.559482
"248"	"BY"	"IR"	1	2020-06-23	27.953389	53.709807	53.688046	32.427908
"249"	"BY"	"RU"	2	2020-06-23	27.953389	53.709807	105.318756	61.52401
"250"	"BY"	"UA"	1	2020-06-23	27.953389	53.709807	31.16558	48.379433
"251"	"BY"	"US"	4	2020-06-23	27.953389	53.709807	-95.712891	37.09024
"252"	"CA"	"CH"	10	2020-06-23	-106.346771	56.130366	8.227512	46.818188
"253"	"CA"	"CN"	36	2020-06-23	-106.346771	56.130366	104.195397	35.86166
"254"	"CA"	"DE"	4	2020-06-23	-106.346771	56.130366	10.451526	51.165691
"255"	"CA"	"DK"	3	2020-06-23	-106.346771	56.130366	9.501785	56.26392
"256"	"CA"	"DZ"	1	2020-06-23	-106.346771	56.130366	1.659626	28.033886
"257"	"CA"	"ES"	4	2020-06-23	-106.346771	56.130366	-3.74922	40.463667
"258"	"CA"	"FR"	18	2020-06-23	-106.346771	56.130366	2.213749	46.227638
"259"	"CA"	"GB"	23	2020-06-23	-106.346771	56.130366	-3.435973	55.378051
"260"	"CA"	"GR"	2	2020-06-23	-106.346771	56.130366	21.824312	39.074208
"261"	"CA"	"HK"	3	2020-06-23	-106.346771	56.130366	114.109497	22.396428
"262"	"CA"	"IE"	2	2020-06-23	-106.346771	56.130366	-8.24389	53.41291
"263"	"CA"	"IL"	8	2020-06-23	-106.346771	56.130366	34.851612	31.046051
"264"	"CA"	"IN"	7	2020-06-23	-106.346771	56.130366	78.96288	20.593684
"265"	"CA"	"IR"	8	2020-06-23	-106.346771	56.130366	53.688046	32.427908
"266"	"CA"	"IT"	31	2020-06-23	-106.346771	56.130366	12.56738	41.87194
"267"	"CA"	"JP"	1	2020-06-23	-106.346771	56.130366	138.252924	36.204824
"268"	"CA"	"KE"	3	2020-06-23	-106.346771	56.130366	37.906193	-0.023559
"269"	"CA"	"KR"	3	2020-06-23	-106.346771	56.130366	127.766922	35.907757
"270"	"CA"	"LB"	5	2020-06-23	-106.346771	56.130366	35.862285	33.854721
"271"	"CA"	"MX"	2	2020-06-23	-106.346771	56.130366	-102.552784	23.634501
"272"	"CA"	"NG"	2	2020-06-23	-106.346771	56.130366	8.675277	9.081999
"273"	"CA"	"NL"	4	2020-06-23	-106.346771	56.130366	5.291266	52.132633
"274"	"CA"	"NO"	3	2020-06-23	-106.346771	56.130366	8.468946	60.472024
"275"	"CA"	"NZ"	3	2020-06-23	-106.346771	56.130366	174.885971	-40.900557
"276"	"CA"	"OM"	1	2020-06-23	-106.346771	56.130366	55.923255	21.512583
"277"	"CA"	"PE"	1	2020-06-23	-106.346771	56.130366	-75.015152	-9.189967
"278"	"CA"	"PH"	2	2020-06-23	-106.346771	56.130366	121.774017	12.879721
"279"	"CA"	"PK"	1	2020-06-23	-106.346771	56.130366	69.345116	30.375321
"280"	"CA"	"PL"	3	2020-06-23	-106.346771	56.130366	19.145136	51.919438
"281"	"CA"	"PT"	3	2020-06-23	-106.346771	56.130366	-8.224454	39.399872
"282"	"CA"	"RO"	2	2020-06-23	-106.346771	56.130366	24.96676	45.943161
"283"	"CA"	"RU"	2	2020-06-23	-106.346771	56.130366	105.318756	61.52401
"284"	"CA"	"SA"	13	2020-06-23	-106.346771	56.130366	45.079162	23.885942
"285"	"CA"	"SD"	1	2020-06-23	-106.346771	56.130366	30.217636	12.862807
"286"	"CA"	"SE"	6	2020-06-23	-106.346771	56.130366	18.643501	60.128161
"287"	"CA"	"SG"	6	2020-06-23	-106.346771	56.130366	103.819836	1.352083
"288"	"CA"	"SN"	1	2020-06-23	-106.346771	56.130366	-14.452362	14.497401
"289"	"CA"	"TR"	2	2020-06-23	-106.346771	56.130366	35.243322	38.963745
"290"	"CA"	"TT"	1	2020-06-23	-106.346771	56.130366	-61.222503	10.691803
"291"	"CA"	"TW"	1	2020-06-23	-106.346771	56.130366	120.960515	23.69781
"292"	"CA"	"US"	342	2020-06-23	-106.346771	56.130366	-95.712891	37.09024
"293"	"CA"	"VE"	1	2020-06-23	-106.346771	56.130366	-66.58973	6.42375
"294"	"CA"	"VN"	6	2020-06-23	-106.346771	56.130366	108.277199	14.058324
"295"	"CA"	"YE"	1	2020-06-23	-106.346771	56.130366	48.516388	15.552727
"296"	"CA"	"ZA"	28	2020-06-23	-106.346771	56.130366	22.937506	-30.559482
"297"	"CA"	"ZW"	1	2020-06-23	-106.346771	56.130366	29.154857	-19.015438
"298"	"CD"	"KE"	1	2020-06-23	21.758664	-4.038333	37.906193	-0.023559
"299"	"CD"	"US"	1	2020-06-23	21.758664	-4.038333	-95.712891	37.09024
"300"	"CD"	"ZA"	4	2020-06-23	21.758664	-4.038333	22.937506	-30.559482
"301"	"CF"	"US"	1	2020-06-23	20.939444	6.611111	-95.712891	37.09024
"302"	"CG"	"GB"	1	2020-06-23	15.827659	-0.228021	-3.435973	55.378051
"303"	"CG"	"IT"	1	2020-06-23	15.827659	-0.228021	12.56738	41.87194
"304"	"CG"	"SA"	1	2020-06-23	15.827659	-0.228021	45.079162	23.885942
"305"	"CG"	"US"	1	2020-06-23	15.827659	-0.228021	-95.712891	37.09024
"306"	"CG"	"VN"	1	2020-06-23	15.827659	-0.228021	108.277199	14.058324
"307"	"CG"	"ZA"	1	2020-06-23	15.827659	-0.228021	22.937506	-30.559482
"308"	"CG"	"ZM"	2	2020-06-23	15.827659	-0.228021	27.849332	-13.133897
"309"	"CG"	"ZW"	1	2020-06-23	15.827659	-0.228021	29.154857	-19.015438
"310"	"CH"	"CN"	15	2020-06-23	8.227512	46.818188	104.195397	35.86166
"311"	"CH"	"CO"	1	2020-06-23	8.227512	46.818188	-74.297333	4.570868
"312"	"CH"	"DE"	11	2020-06-23	8.227512	46.818188	10.451526	51.165691
"313"	"CH"	"DK"	3	2020-06-23	8.227512	46.818188	9.501785	56.26392
"314"	"CH"	"EG"	3	2020-06-23	8.227512	46.818188	30.802498	26.820553
"315"	"CH"	"ES"	2	2020-06-23	8.227512	46.818188	-3.74922	40.463667
"316"	"CH"	"FI"	1	2020-06-23	8.227512	46.818188	25.748151	61.92411
"317"	"CH"	"FR"	19	2020-06-23	8.227512	46.818188	2.213749	46.227638
"318"	"CH"	"GB"	19	2020-06-23	8.227512	46.818188	-3.435973	55.378051
"319"	"CH"	"GF"	1	2020-06-23	8.227512	46.818188	-53.125782	3.933889
"320"	"CH"	"GR"	6	2020-06-23	8.227512	46.818188	21.824312	39.074208
"321"	"CH"	"HK"	1	2020-06-23	8.227512	46.818188	114.109497	22.396428
"322"	"CH"	"IE"	1	2020-06-23	8.227512	46.818188	-8.24389	53.41291
"323"	"CH"	"IL"	1	2020-06-23	8.227512	46.818188	34.851612	31.046051
"324"	"CH"	"IN"	4	2020-06-23	8.227512	46.818188	78.96288	20.593684
"325"	"CH"	"IR"	4	2020-06-23	8.227512	46.818188	53.688046	32.427908
"326"	"CH"	"IT"	42	2020-06-23	8.227512	46.818188	12.56738	41.87194
"327"	"CH"	"JP"	2	2020-06-23	8.227512	46.818188	138.252924	36.204824
"328"	"CH"	"LU"	3	2020-06-23	8.227512	46.818188	6.129583	49.815273
"329"	"CH"	"MX"	2	2020-06-23	8.227512	46.818188	-102.552784	23.634501
"330"	"CH"	"MY"	2	2020-06-23	8.227512	46.818188	101.975766	4.210484
"331"	"CH"	"NL"	10	2020-06-23	8.227512	46.818188	5.291266	52.132633
"332"	"CH"	"NO"	2	2020-06-23	8.227512	46.818188	8.468946	60.472024
"333"	"CH"	"NZ"	1	2020-06-23	8.227512	46.818188	174.885971	-40.900557
"334"	"CH"	"OM"	1	2020-06-23	8.227512	46.818188	55.923255	21.512583
"335"	"CH"	"PG"	1	2020-06-23	8.227512	46.818188	143.95555	-6.314993
"336"	"CH"	"PL"	7	2020-06-23	8.227512	46.818188	19.145136	51.919438
"337"	"CH"	"PT"	2	2020-06-23	8.227512	46.818188	-8.224454	39.399872
"338"	"CH"	"RS"	2	2020-06-23	8.227512	46.818188	21.005859	44.016521
"339"	"CH"	"RU"	4	2020-06-23	8.227512	46.818188	105.318756	61.52401
"340"	"CH"	"SE"	10	2020-06-23	8.227512	46.818188	18.643501	60.128161
"341"	"CH"	"SG"	4	2020-06-23	8.227512	46.818188	103.819836	1.352083
"342"	"CH"	"SI"	1	2020-06-23	8.227512	46.818188	14.995463	46.151241
"343"	"CH"	"TH"	1	2020-06-23	8.227512	46.818188	100.992541	15.870032
"344"	"CH"	"TN"	1	2020-06-23	8.227512	46.818188	9.537499	33.886917
"345"	"CH"	"TR"	8	2020-06-23	8.227512	46.818188	35.243322	38.963745
"346"	"CH"	"UA"	1	2020-06-23	8.227512	46.818188	31.16558	48.379433
"347"	"CH"	"US"	161	2020-06-23	8.227512	46.818188	-95.712891	37.09024
"348"	"CH"	"ZA"	20	2020-06-23	8.227512	46.818188	22.937506	-30.559482
"349"	"CH"	"ZM"	1	2020-06-23	8.227512	46.818188	27.849332	-13.133897
"350"	"CH"	"ZW"	1	2020-06-23	8.227512	46.818188	29.154857	-19.015438
"351"	"CI"	"US"	2	2020-06-23	-5.54708	7.539989	-95.712891	37.09024
"352"	"CI"	"ZA"	1	2020-06-23	-5.54708	7.539989	22.937506	-30.559482
"353"	"CL"	"CO"	1	2020-06-23	-71.542969	-35.675147	-74.297333	4.570868
"354"	"CL"	"ES"	8	2020-06-23	-71.542969	-35.675147	-3.74922	40.463667
"355"	"CL"	"GB"	1	2020-06-23	-71.542969	-35.675147	-3.435973	55.378051
"356"	"CL"	"IN"	1	2020-06-23	-71.542969	-35.675147	78.96288	20.593684
"357"	"CL"	"IT"	3	2020-06-23	-71.542969	-35.675147	12.56738	41.87194
"358"	"CL"	"MX"	1	2020-06-23	-71.542969	-35.675147	-102.552784	23.634501
"359"	"CL"	"PL"	2	2020-06-23	-71.542969	-35.675147	19.145136	51.919438
"360"	"CL"	"PT"	1	2020-06-23	-71.542969	-35.675147	-8.224454	39.399872
"361"	"CL"	"PY"	2	2020-06-23	-71.542969	-35.675147	-58.443832	-23.442503
"362"	"CL"	"TR"	1	2020-06-23	-71.542969	-35.675147	35.243322	38.963745
"363"	"CL"	"TW"	1	2020-06-23	-71.542969	-35.675147	120.960515	23.69781
"364"	"CL"	"US"	16	2020-06-23	-71.542969	-35.675147	-95.712891	37.09024
"365"	"CL"	"UY"	2	2020-06-23	-71.542969	-35.675147	-55.765835	-32.522779
"366"	"CL"	"VE"	3	2020-06-23	-71.542969	-35.675147	-66.58973	6.42375
"367"	"CL"	"ZA"	7	2020-06-23	-71.542969	-35.675147	22.937506	-30.559482
"368"	"CM"	"FR"	3	2020-06-23	12.354722	7.369722	2.213749	46.227638
"369"	"CM"	"IT"	1	2020-06-23	12.354722	7.369722	12.56738	41.87194
"370"	"CM"	"KE"	1	2020-06-23	12.354722	7.369722	37.906193	-0.023559
"371"	"CM"	"MQ"	1	2020-06-23	12.354722	7.369722	-61.024174	14.641528
"372"	"CM"	"MZ"	1	2020-06-23	12.354722	7.369722	35.529562	-18.665695
"373"	"CM"	"SD"	1	2020-06-23	12.354722	7.369722	30.217636	12.862807
"374"	"CM"	"US"	7	2020-06-23	12.354722	7.369722	-95.712891	37.09024
"375"	"CM"	"ZA"	5	2020-06-23	12.354722	7.369722	22.937506	-30.559482
"376"	"CN"	"DE"	18	2020-06-23	104.195397	35.86166	10.451526	51.165691
"377"	"CN"	"DK"	2	2020-06-23	104.195397	35.86166	9.501785	56.26392
"378"	"CN"	"DO"	1	2020-06-23	104.195397	35.86166	-70.162651	18.735693
"379"	"CN"	"EG"	2	2020-06-23	104.195397	35.86166	30.802498	26.820553
"380"	"CN"	"ES"	2	2020-06-23	104.195397	35.86166	-3.74922	40.463667
"381"	"CN"	"FR"	8	2020-06-23	104.195397	35.86166	2.213749	46.227638
"382"	"CN"	"GB"	64	2020-06-23	104.195397	35.86166	-3.435973	55.378051
"383"	"CN"	"HK"	80	2020-06-23	104.195397	35.86166	114.109497	22.396428
"384"	"CN"	"IE"	2	2020-06-23	104.195397	35.86166	-8.24389	53.41291
"385"	"CN"	"IL"	6	2020-06-23	104.195397	35.86166	34.851612	31.046051
"386"	"CN"	"IN"	10	2020-06-23	104.195397	35.86166	78.96288	20.593684
"387"	"CN"	"IR"	2	2020-06-23	104.195397	35.86166	53.688046	32.427908
"388"	"CN"	"IT"	28	2020-06-23	104.195397	35.86166	12.56738	41.87194
"389"	"CN"	"JP"	22	2020-06-23	104.195397	35.86166	138.252924	36.204824
"390"	"CN"	"KR"	15	2020-06-23	104.195397	35.86166	127.766922	35.907757
"391"	"CN"	"LB"	1	2020-06-23	104.195397	35.86166	35.862285	33.854721
"392"	"CN"	"MN"	1	2020-06-23	104.195397	35.86166	103.846656	46.862496
"393"	"CN"	"MO"	5	2020-06-23	104.195397	35.86166	113.543873	22.198745
"394"	"CN"	"MY"	3	2020-06-23	104.195397	35.86166	101.975766	4.210484
"395"	"CN"	"NG"	2	2020-06-23	104.195397	35.86166	8.675277	9.081999
"396"	"CN"	"NL"	11	2020-06-23	104.195397	35.86166	5.291266	52.132633
"397"	"CN"	"NO"	2	2020-06-23	104.195397	35.86166	8.468946	60.472024
"398"	"CN"	"NP"	1	2020-06-23	104.195397	35.86166	84.124008	28.394857
"399"	"CN"	"NZ"	1	2020-06-23	104.195397	35.86166	174.885971	-40.900557
"400"	"CN"	"PE"	1	2020-06-23	104.195397	35.86166	-75.015152	-9.189967
"401"	"CN"	"PH"	1	2020-06-23	104.195397	35.86166	121.774017	12.879721
"402"	"CN"	"PK"	16	2020-06-23	104.195397	35.86166	69.345116	30.375321
"403"	"CN"	"PL"	2	2020-06-23	104.195397	35.86166	19.145136	51.919438
"404"	"CN"	"PT"	2	2020-06-23	104.195397	35.86166	-8.224454	39.399872
"405"	"CN"	"RU"	2	2020-06-23	104.195397	35.86166	105.318756	61.52401
"406"	"CN"	"SA"	6	2020-06-23	104.195397	35.86166	45.079162	23.885942
"407"	"CN"	"SD"	1	2020-06-23	104.195397	35.86166	30.217636	12.862807
"408"	"CN"	"SE"	9	2020-06-23	104.195397	35.86166	18.643501	60.128161
"409"	"CN"	"SG"	20	2020-06-23	104.195397	35.86166	103.819836	1.352083
"410"	"CN"	"SN"	1	2020-06-23	104.195397	35.86166	-14.452362	14.497401
"411"	"CN"	"TH"	42	2020-06-23	104.195397	35.86166	100.992541	15.870032
"412"	"CN"	"TR"	4	2020-06-23	104.195397	35.86166	35.243322	38.963745
"413"	"CN"	"TW"	15	2020-06-23	104.195397	35.86166	120.960515	23.69781
"414"	"CN"	"TZ"	2	2020-06-23	104.195397	35.86166	34.888822	-6.369028
"415"	"CN"	"UG"	1	2020-06-23	104.195397	35.86166	32.290275	1.373333
"416"	"CN"	"US"	509	2020-06-23	104.195397	35.86166	-95.712891	37.09024
"417"	"CN"	"UY"	1	2020-06-23	104.195397	35.86166	-55.765835	-32.522779
"418"	"CN"	"VE"	1	2020-06-23	104.195397	35.86166	-66.58973	6.42375
"419"	"CN"	"VN"	5	2020-06-23	104.195397	35.86166	108.277199	14.058324
"420"	"CN"	"ZA"	9	2020-06-23	104.195397	35.86166	22.937506	-30.559482
"421"	"CN"	"ZM"	1	2020-06-23	104.195397	35.86166	27.849332	-13.133897
"422"	"CO"	"EC"	1	2020-06-23	-74.297333	4.570868	-78.183406	-1.831239
"423"	"CO"	"ES"	3	2020-06-23	-74.297333	4.570868	-3.74922	40.463667
"424"	"CO"	"GB"	1	2020-06-23	-74.297333	4.570868	-3.435973	55.378051
"425"	"CO"	"HN"	1	2020-06-23	-74.297333	4.570868	-86.241905	15.199999
"426"	"CO"	"IN"	1	2020-06-23	-74.297333	4.570868	78.96288	20.593684
"427"	"CO"	"IT"	2	2020-06-23	-74.297333	4.570868	12.56738	41.87194
"428"	"CO"	"MX"	4	2020-06-23	-74.297333	4.570868	-102.552784	23.634501
"429"	"CO"	"NP"	2	2020-06-23	-74.297333	4.570868	84.124008	28.394857
"430"	"CO"	"PE"	3	2020-06-23	-74.297333	4.570868	-75.015152	-9.189967
"431"	"CO"	"PK"	1	2020-06-23	-74.297333	4.570868	69.345116	30.375321
"432"	"CO"	"PL"	1	2020-06-23	-74.297333	4.570868	19.145136	51.919438
"433"	"CO"	"PT"	1	2020-06-23	-74.297333	4.570868	-8.224454	39.399872
"434"	"CO"	"PY"	1	2020-06-23	-74.297333	4.570868	-58.443832	-23.442503
"435"	"CO"	"RU"	1	2020-06-23	-74.297333	4.570868	105.318756	61.52401
"436"	"CO"	"SA"	6	2020-06-23	-74.297333	4.570868	45.079162	23.885942
"437"	"CO"	"SG"	1	2020-06-23	-74.297333	4.570868	103.819836	1.352083
"438"	"CO"	"TR"	2	2020-06-23	-74.297333	4.570868	35.243322	38.963745
"439"	"CO"	"US"	21	2020-06-23	-74.297333	4.570868	-95.712891	37.09024
"440"	"CO"	"UY"	2	2020-06-23	-74.297333	4.570868	-55.765835	-32.522779
"441"	"CO"	"VE"	8	2020-06-23	-74.297333	4.570868	-66.58973	6.42375
"442"	"CO"	"XK"	3	2020-06-23	-74.297333	4.570868	20.902977	42.602636
"443"	"CO"	"ZA"	10	2020-06-23	-74.297333	4.570868	22.937506	-30.559482
"444"	"CR"	"TR"	3	2020-06-23	-83.753428	9.748917	35.243322	38.963745
"445"	"CR"	"US"	4	2020-06-23	-83.753428	9.748917	-95.712891	37.09024
"446"	"CR"	"VE"	2	2020-06-23	-83.753428	9.748917	-66.58973	6.42375
"447"	"CR"	"ZA"	1	2020-06-23	-83.753428	9.748917	22.937506	-30.559482
"448"	"CU"	"PR"	1	2020-06-23	-77.781167	21.521757	-66.590149	18.220833
"449"	"CU"	"US"	1	2020-06-23	-77.781167	21.521757	-95.712891	37.09024
"450"	"CY"	"GB"	3	2020-06-23	33.429859	35.126413	-3.435973	55.378051
"451"	"CY"	"GR"	6	2020-06-23	33.429859	35.126413	21.824312	39.074208
"452"	"CY"	"IL"	1	2020-06-23	33.429859	35.126413	34.851612	31.046051
"453"	"CY"	"PL"	1	2020-06-23	33.429859	35.126413	19.145136	51.919438
"454"	"CY"	"RU"	1	2020-06-23	33.429859	35.126413	105.318756	61.52401
"455"	"CY"	"SI"	1	2020-06-23	33.429859	35.126413	14.995463	46.151241
"456"	"CY"	"US"	5	2020-06-23	33.429859	35.126413	-95.712891	37.09024
"457"	"CZ"	"GB"	1	2020-06-23	15.472962	49.817492	-3.435973	55.378051
"458"	"CZ"	"IN"	1	2020-06-23	15.472962	49.817492	78.96288	20.593684
"459"	"CZ"	"IR"	1	2020-06-23	15.472962	49.817492	53.688046	32.427908
"460"	"CZ"	"IS"	1	2020-06-23	15.472962	49.817492	-19.020835	64.963051
"461"	"CZ"	"IT"	4	2020-06-23	15.472962	49.817492	12.56738	41.87194
"462"	"CZ"	"JM"	1	2020-06-23	15.472962	49.817492	-77.297508	18.109581
"463"	"CZ"	"NL"	3	2020-06-23	15.472962	49.817492	5.291266	52.132633
"464"	"CZ"	"NO"	1	2020-06-23	15.472962	49.817492	8.468946	60.472024
"465"	"CZ"	"PL"	1	2020-06-23	15.472962	49.817492	19.145136	51.919438
"466"	"CZ"	"RS"	2	2020-06-23	15.472962	49.817492	21.005859	44.016521
"467"	"CZ"	"RU"	1	2020-06-23	15.472962	49.817492	105.318756	61.52401
"468"	"CZ"	"SE"	2	2020-06-23	15.472962	49.817492	18.643501	60.128161
"469"	"CZ"	"SK"	1	2020-06-23	15.472962	49.817492	19.699024	48.669026
"470"	"CZ"	"TR"	4	2020-06-23	15.472962	49.817492	35.243322	38.963745
"471"	"CZ"	"US"	15	2020-06-23	15.472962	49.817492	-95.712891	37.09024
"472"	"CZ"	"ZA"	1	2020-06-23	15.472962	49.817492	22.937506	-30.559482
"473"	"DE"	"DK"	3	2020-06-23	10.451526	51.165691	9.501785	56.26392
"474"	"DE"	"EG"	1	2020-06-23	10.451526	51.165691	30.802498	26.820553
"475"	"DE"	"ES"	2	2020-06-23	10.451526	51.165691	-3.74922	40.463667
"476"	"DE"	"FI"	1	2020-06-23	10.451526	51.165691	25.748151	61.92411
"477"	"DE"	"FR"	5	2020-06-23	10.451526	51.165691	2.213749	46.227638
"478"	"DE"	"GB"	20	2020-06-23	10.451526	51.165691	-3.435973	55.378051
"479"	"DE"	"GH"	1	2020-06-23	10.451526	51.165691	-1.023194	7.946527
"480"	"DE"	"GR"	5	2020-06-23	10.451526	51.165691	21.824312	39.074208
"481"	"DE"	"HK"	2	2020-06-23	10.451526	51.165691	114.109497	22.396428
"482"	"DE"	"HR"	5	2020-06-23	10.451526	51.165691	15.2	45.1
"483"	"DE"	"HU"	1	2020-06-23	10.451526	51.165691	19.503304	47.162494
"484"	"DE"	"ID"	1	2020-06-23	10.451526	51.165691	113.921327	-0.789275
"485"	"DE"	"IE"	2	2020-06-23	10.451526	51.165691	-8.24389	53.41291
"486"	"DE"	"IL"	6	2020-06-23	10.451526	51.165691	34.851612	31.046051
"487"	"DE"	"IN"	3	2020-06-23	10.451526	51.165691	78.96288	20.593684
"488"	"DE"	"IR"	1	2020-06-23	10.451526	51.165691	53.688046	32.427908
"489"	"DE"	"IT"	43	2020-06-23	10.451526	51.165691	12.56738	41.87194
"490"	"DE"	"JP"	1	2020-06-23	10.451526	51.165691	138.252924	36.204824
"491"	"DE"	"KE"	1	2020-06-23	10.451526	51.165691	37.906193	-0.023559
"492"	"DE"	"LU"	2	2020-06-23	10.451526	51.165691	6.129583	49.815273
"493"	"DE"	"LV"	1	2020-06-23	10.451526	51.165691	24.603189	56.879635
"494"	"DE"	"MA"	1	2020-06-23	10.451526	51.165691	-7.09262	31.791702
"495"	"DE"	"MX"	4	2020-06-23	10.451526	51.165691	-102.552784	23.634501
"496"	"DE"	"NL"	35	2020-06-23	10.451526	51.165691	5.291266	52.132633
"497"	"DE"	"NO"	5	2020-06-23	10.451526	51.165691	8.468946	60.472024
"498"	"DE"	"PG"	1	2020-06-23	10.451526	51.165691	143.95555	-6.314993
"499"	"DE"	"PL"	9	2020-06-23	10.451526	51.165691	19.145136	51.919438
"500"	"DE"	"PT"	13	2020-06-23	10.451526	51.165691	-8.224454	39.399872
"501"	"DE"	"RO"	1	2020-06-23	10.451526	51.165691	24.96676	45.943161
"502"	"DE"	"RS"	1	2020-06-23	10.451526	51.165691	21.005859	44.016521
"503"	"DE"	"RU"	4	2020-06-23	10.451526	51.165691	105.318756	61.52401
"504"	"DE"	"SA"	2	2020-06-23	10.451526	51.165691	45.079162	23.885942
"505"	"DE"	"SE"	24	2020-06-23	10.451526	51.165691	18.643501	60.128161
"506"	"DE"	"SG"	5	2020-06-23	10.451526	51.165691	103.819836	1.352083
"507"	"DE"	"SI"	2	2020-06-23	10.451526	51.165691	14.995463	46.151241
"508"	"DE"	"SK"	2	2020-06-23	10.451526	51.165691	19.699024	48.669026
"509"	"DE"	"TR"	17	2020-06-23	10.451526	51.165691	35.243322	38.963745
"510"	"DE"	"TW"	1	2020-06-23	10.451526	51.165691	120.960515	23.69781
"511"	"DE"	"UA"	2	2020-06-23	10.451526	51.165691	31.16558	48.379433
"512"	"DE"	"US"	211	2020-06-23	10.451526	51.165691	-95.712891	37.09024
"513"	"DE"	"UY"	2	2020-06-23	10.451526	51.165691	-55.765835	-32.522779
"514"	"DE"	"VN"	5	2020-06-23	10.451526	51.165691	108.277199	14.058324
"515"	"DE"	"YE"	1	2020-06-23	10.451526	51.165691	48.516388	15.552727
"516"	"DE"	"ZA"	29	2020-06-23	10.451526	51.165691	22.937506	-30.559482
"517"	"DE"	"ZM"	2	2020-06-23	10.451526	51.165691	27.849332	-13.133897
"518"	"DE"	"ZW"	1	2020-06-23	10.451526	51.165691	29.154857	-19.015438
"519"	"DK"	"ES"	1	2020-06-23	9.501785	56.26392	-3.74922	40.463667
"520"	"DK"	"FR"	1	2020-06-23	9.501785	56.26392	2.213749	46.227638
"521"	"DK"	"GB"	5	2020-06-23	9.501785	56.26392	-3.435973	55.378051
"522"	"DK"	"GH"	1	2020-06-23	9.501785	56.26392	-1.023194	7.946527
"523"	"DK"	"IL"	1	2020-06-23	9.501785	56.26392	34.851612	31.046051
"524"	"DK"	"IN"	1	2020-06-23	9.501785	56.26392	78.96288	20.593684
"525"	"DK"	"IR"	2	2020-06-23	9.501785	56.26392	53.688046	32.427908
"526"	"DK"	"IT"	9	2020-06-23	9.501785	56.26392	12.56738	41.87194
"527"	"DK"	"LU"	1	2020-06-23	9.501785	56.26392	6.129583	49.815273
"528"	"DK"	"NG"	1	2020-06-23	9.501785	56.26392	8.675277	9.081999
"529"	"DK"	"NL"	8	2020-06-23	9.501785	56.26392	5.291266	52.132633
"530"	"DK"	"NO"	3	2020-06-23	9.501785	56.26392	8.468946	60.472024
"531"	"DK"	"PT"	1	2020-06-23	9.501785	56.26392	-8.224454	39.399872
"532"	"DK"	"RU"	4	2020-06-23	9.501785	56.26392	105.318756	61.52401
"533"	"DK"	"SE"	10	2020-06-23	9.501785	56.26392	18.643501	60.128161
"534"	"DK"	"SG"	1	2020-06-23	9.501785	56.26392	103.819836	1.352083
"535"	"DK"	"SK"	2	2020-06-23	9.501785	56.26392	19.699024	48.669026
"536"	"DK"	"TH"	1	2020-06-23	9.501785	56.26392	100.992541	15.870032
"537"	"DK"	"TR"	2	2020-06-23	9.501785	56.26392	35.243322	38.963745
"538"	"DK"	"UA"	1	2020-06-23	9.501785	56.26392	31.16558	48.379433
"539"	"DK"	"US"	51	2020-06-23	9.501785	56.26392	-95.712891	37.09024
"540"	"DK"	"VN"	2	2020-06-23	9.501785	56.26392	108.277199	14.058324
"541"	"DK"	"ZA"	5	2020-06-23	9.501785	56.26392	22.937506	-30.559482
"542"	"DO"	"PR"	1	2020-06-23	-70.162651	18.735693	-66.590149	18.220833
"543"	"DO"	"VE"	1	2020-06-23	-70.162651	18.735693	-66.58973	6.42375
"544"	"DZ"	"TN"	1	2020-06-23	1.659626	28.033886	9.537499	33.886917
"545"	"DZ"	"TR"	1	2020-06-23	1.659626	28.033886	35.243322	38.963745
"546"	"EC"	"ES"	2	2020-06-23	-78.183406	-1.831239	-3.74922	40.463667
"547"	"EC"	"MX"	2	2020-06-23	-78.183406	-1.831239	-102.552784	23.634501
"548"	"EC"	"NZ"	1	2020-06-23	-78.183406	-1.831239	174.885971	-40.900557
"549"	"EC"	"US"	4	2020-06-23	-78.183406	-1.831239	-95.712891	37.09024
"550"	"EC"	"VE"	3	2020-06-23	-78.183406	-1.831239	-66.58973	6.42375
"551"	"EE"	"IL"	1	2020-06-23	25.013607	58.595272	34.851612	31.046051
"552"	"EE"	"MT"	1	2020-06-23	25.013607	58.595272	14.375416	35.937496
"553"	"EE"	"NO"	1	2020-06-23	25.013607	58.595272	8.468946	60.472024
"554"	"EE"	"SK"	2	2020-06-23	25.013607	58.595272	19.699024	48.669026
"555"	"EE"	"TR"	2	2020-06-23	25.013607	58.595272	35.243322	38.963745
"556"	"EE"	"US"	4	2020-06-23	25.013607	58.595272	-95.712891	37.09024
"557"	"EG"	"GB"	4	2020-06-23	30.802498	26.820553	-3.435973	55.378051
"558"	"EG"	"IT"	6	2020-06-23	30.802498	26.820553	12.56738	41.87194
"559"	"EG"	"NL"	1	2020-06-23	30.802498	26.820553	5.291266	52.132633
"560"	"EG"	"OM"	1	2020-06-23	30.802498	26.820553	55.923255	21.512583
"561"	"EG"	"SA"	8	2020-06-23	30.802498	26.820553	45.079162	23.885942
"562"	"EG"	"SD"	2	2020-06-23	30.802498	26.820553	30.217636	12.862807
"563"	"EG"	"TN"	1	2020-06-23	30.802498	26.820553	9.537499	33.886917
"564"	"EG"	"TR"	4	2020-06-23	30.802498	26.820553	35.243322	38.963745
"565"	"EG"	"US"	30	2020-06-23	30.802498	26.820553	-95.712891	37.09024
"566"	"EG"	"VN"	1	2020-06-23	30.802498	26.820553	108.277199	14.058324
"567"	"EG"	"XK"	3	2020-06-23	30.802498	26.820553	20.902977	42.602636
"568"	"EG"	"ZA"	2	2020-06-23	30.802498	26.820553	22.937506	-30.559482
"569"	"EG"	"ZW"	1	2020-06-23	30.802498	26.820553	29.154857	-19.015438
"570"	"ES"	"FR"	10	2020-06-23	-3.74922	40.463667	2.213749	46.227638
"571"	"ES"	"GB"	18	2020-06-23	-3.74922	40.463667	-3.435973	55.378051
"572"	"ES"	"GR"	2	2020-06-23	-3.74922	40.463667	21.824312	39.074208
"573"	"ES"	"HK"	1	2020-06-23	-3.74922	40.463667	114.109497	22.396428
"574"	"ES"	"HR"	1	2020-06-23	-3.74922	40.463667	15.2	45.1
"575"	"ES"	"ID"	1	2020-06-23	-3.74922	40.463667	113.921327	-0.789275
"576"	"ES"	"IE"	1	2020-06-23	-3.74922	40.463667	-8.24389	53.41291
"577"	"ES"	"IL"	2	2020-06-23	-3.74922	40.463667	34.851612	31.046051
"578"	"ES"	"IN"	1	2020-06-23	-3.74922	40.463667	78.96288	20.593684
"579"	"ES"	"IR"	1	2020-06-23	-3.74922	40.463667	53.688046	32.427908
"580"	"ES"	"IT"	58	2020-06-23	-3.74922	40.463667	12.56738	41.87194
"581"	"ES"	"JP"	1	2020-06-23	-3.74922	40.463667	138.252924	36.204824
"582"	"ES"	"LK"	1	2020-06-23	-3.74922	40.463667	80.771797	7.873054
"583"	"ES"	"LT"	1	2020-06-23	-3.74922	40.463667	23.881275	55.169438
"584"	"ES"	"MA"	1	2020-06-23	-3.74922	40.463667	-7.09262	31.791702
"585"	"ES"	"MX"	2	2020-06-23	-3.74922	40.463667	-102.552784	23.634501
"586"	"ES"	"MZ"	4	2020-06-23	-3.74922	40.463667	35.529562	-18.665695
"587"	"ES"	"NL"	11	2020-06-23	-3.74922	40.463667	5.291266	52.132633
"588"	"ES"	"NO"	1	2020-06-23	-3.74922	40.463667	8.468946	60.472024
"589"	"ES"	"PE"	2	2020-06-23	-3.74922	40.463667	-75.015152	-9.189967
"590"	"ES"	"PL"	2	2020-06-23	-3.74922	40.463667	19.145136	51.919438
"591"	"ES"	"PT"	14	2020-06-23	-3.74922	40.463667	-8.224454	39.399872
"592"	"ES"	"PY"	2	2020-06-23	-3.74922	40.463667	-58.443832	-23.442503
"593"	"ES"	"QA"	1	2020-06-23	-3.74922	40.463667	51.183884	25.354826
"594"	"ES"	"RO"	2	2020-06-23	-3.74922	40.463667	24.96676	45.943161
"595"	"ES"	"RS"	1	2020-06-23	-3.74922	40.463667	21.005859	44.016521
"596"	"ES"	"RU"	4	2020-06-23	-3.74922	40.463667	105.318756	61.52401
"597"	"ES"	"SD"	1	2020-06-23	-3.74922	40.463667	30.217636	12.862807
"598"	"ES"	"SE"	23	2020-06-23	-3.74922	40.463667	18.643501	60.128161
"599"	"ES"	"SG"	5	2020-06-23	-3.74922	40.463667	103.819836	1.352083
"600"	"ES"	"SI"	1	2020-06-23	-3.74922	40.463667	14.995463	46.151241
"601"	"ES"	"TR"	12	2020-06-23	-3.74922	40.463667	35.243322	38.963745
"602"	"ES"	"TW"	1	2020-06-23	-3.74922	40.463667	120.960515	23.69781
"603"	"ES"	"UA"	2	2020-06-23	-3.74922	40.463667	31.16558	48.379433
"604"	"ES"	"US"	167	2020-06-23	-3.74922	40.463667	-95.712891	37.09024
"605"	"ES"	"UY"	2	2020-06-23	-3.74922	40.463667	-55.765835	-32.522779
"606"	"ES"	"VE"	3	2020-06-23	-3.74922	40.463667	-66.58973	6.42375
"607"	"ES"	"VN"	1	2020-06-23	-3.74922	40.463667	108.277199	14.058324
"608"	"ES"	"XK"	2	2020-06-23	-3.74922	40.463667	20.902977	42.602636
"609"	"ES"	"ZA"	17	2020-06-23	-3.74922	40.463667	22.937506	-30.559482
"610"	"ET"	"IN"	1	2020-06-23	40.489673	9.145	78.96288	20.593684
"611"	"ET"	"NL"	1	2020-06-23	40.489673	9.145	5.291266	52.132633
"612"	"ET"	"SD"	1	2020-06-23	40.489673	9.145	30.217636	12.862807
"613"	"ET"	"UG"	1	2020-06-23	40.489673	9.145	32.290275	1.373333
"614"	"ET"	"US"	5	2020-06-23	40.489673	9.145	-95.712891	37.09024
"615"	"ET"	"ZA"	2	2020-06-23	40.489673	9.145	22.937506	-30.559482
"616"	"ET"	"ZM"	1	2020-06-23	40.489673	9.145	27.849332	-13.133897
"617"	"ET"	"ZW"	1	2020-06-23	40.489673	9.145	29.154857	-19.015438
"618"	"FI"	"FR"	1	2020-06-23	25.748151	61.92411	2.213749	46.227638
"619"	"FI"	"GB"	3	2020-06-23	25.748151	61.92411	-3.435973	55.378051
"620"	"FI"	"HU"	1	2020-06-23	25.748151	61.92411	19.503304	47.162494
"621"	"FI"	"JP"	2	2020-06-23	25.748151	61.92411	138.252924	36.204824
"622"	"FI"	"NL"	2	2020-06-23	25.748151	61.92411	5.291266	52.132633
"623"	"FI"	"NO"	3	2020-06-23	25.748151	61.92411	8.468946	60.472024
"624"	"FI"	"PL"	3	2020-06-23	25.748151	61.92411	19.145136	51.919438
"625"	"FI"	"SE"	3	2020-06-23	25.748151	61.92411	18.643501	60.128161
"626"	"FI"	"SK"	1	2020-06-23	25.748151	61.92411	19.699024	48.669026
"627"	"FI"	"TR"	3	2020-06-23	25.748151	61.92411	35.243322	38.963745
"628"	"FI"	"US"	19	2020-06-23	25.748151	61.92411	-95.712891	37.09024
"629"	"FI"	"VN"	1	2020-06-23	25.748151	61.92411	108.277199	14.058324
"630"	"FI"	"ZA"	1	2020-06-23	25.748151	61.92411	22.937506	-30.559482
"631"	"FI"	"ZW"	1	2020-06-23	25.748151	61.92411	29.154857	-19.015438
"632"	"FJ"	"NC"	1	2020-06-23	179.414413	-16.578193	165.618042	-20.904305
"633"	"FO"	"GB"	1	2020-06-23	-6.911806	61.892635	-3.435973	55.378051
"634"	"FR"	"GB"	16	2020-06-23	2.213749	46.227638	-3.435973	55.378051
"635"	"FR"	"GP"	1	2020-06-23	2.213749	46.227638	-62.067641	16.995971
"636"	"FR"	"GR"	5	2020-06-23	2.213749	46.227638	21.824312	39.074208
"637"	"FR"	"HK"	6	2020-06-23	2.213749	46.227638	114.109497	22.396428
"638"	"FR"	"IL"	3	2020-06-23	2.213749	46.227638	34.851612	31.046051
"639"	"FR"	"IN"	4	2020-06-23	2.213749	46.227638	78.96288	20.593684
"640"	"FR"	"IR"	1	2020-06-23	2.213749	46.227638	53.688046	32.427908
"641"	"FR"	"IT"	56	2020-06-23	2.213749	46.227638	12.56738	41.87194
"642"	"FR"	"JO"	1	2020-06-23	2.213749	46.227638	36.238414	30.585164
"643"	"FR"	"LU"	1	2020-06-23	2.213749	46.227638	6.129583	49.815273
"644"	"FR"	"MA"	1	2020-06-23	2.213749	46.227638	-7.09262	31.791702
"645"	"FR"	"MC"	1	2020-06-23	2.213749	46.227638	7.412841	43.750298
"646"	"FR"	"ML"	1	2020-06-23	2.213749	46.227638	-3.996166	17.570692
"647"	"FR"	"MQ"	3	2020-06-23	2.213749	46.227638	-61.024174	14.641528
"648"	"FR"	"MX"	1	2020-06-23	2.213749	46.227638	-102.552784	23.634501
"649"	"FR"	"NC"	1	2020-06-23	2.213749	46.227638	165.618042	-20.904305
"650"	"FR"	"NG"	1	2020-06-23	2.213749	46.227638	8.675277	9.081999
"651"	"FR"	"NL"	19	2020-06-23	2.213749	46.227638	5.291266	52.132633
"652"	"FR"	"NO"	3	2020-06-23	2.213749	46.227638	8.468946	60.472024
"653"	"FR"	"NZ"	1	2020-06-23	2.213749	46.227638	174.885971	-40.900557
"654"	"FR"	"OM"	1	2020-06-23	2.213749	46.227638	55.923255	21.512583
"655"	"FR"	"PE"	1	2020-06-23	2.213749	46.227638	-75.015152	-9.189967
"656"	"FR"	"PF"	2	2020-06-23	2.213749	46.227638	-149.406843	-17.679742
"657"	"FR"	"PK"	1	2020-06-23	2.213749	46.227638	69.345116	30.375321
"658"	"FR"	"PL"	4	2020-06-23	2.213749	46.227638	19.145136	51.919438
"659"	"FR"	"PT"	7	2020-06-23	2.213749	46.227638	-8.224454	39.399872
"660"	"FR"	"QA"	2	2020-06-23	2.213749	46.227638	51.183884	25.354826
"661"	"FR"	"RO"	1	2020-06-23	2.213749	46.227638	24.96676	45.943161
"662"	"FR"	"RS"	1	2020-06-23	2.213749	46.227638	21.005859	44.016521
"663"	"FR"	"RU"	5	2020-06-23	2.213749	46.227638	105.318756	61.52401
"664"	"FR"	"SA"	2	2020-06-23	2.213749	46.227638	45.079162	23.885942
"665"	"FR"	"SE"	21	2020-06-23	2.213749	46.227638	18.643501	60.128161
"666"	"FR"	"SG"	2	2020-06-23	2.213749	46.227638	103.819836	1.352083
"667"	"FR"	"SI"	1	2020-06-23	2.213749	46.227638	14.995463	46.151241
"668"	"FR"	"SN"	1	2020-06-23	2.213749	46.227638	-14.452362	14.497401
"669"	"FR"	"SY"	2	2020-06-23	2.213749	46.227638	38.996815	34.802075
"670"	"FR"	"TH"	1	2020-06-23	2.213749	46.227638	100.992541	15.870032
"671"	"FR"	"TR"	11	2020-06-23	2.213749	46.227638	35.243322	38.963745
"672"	"FR"	"TW"	3	2020-06-23	2.213749	46.227638	120.960515	23.69781
"673"	"FR"	"UA"	1	2020-06-23	2.213749	46.227638	31.16558	48.379433
"674"	"FR"	"US"	201	2020-06-23	2.213749	46.227638	-95.712891	37.09024
"675"	"FR"	"UY"	1	2020-06-23	2.213749	46.227638	-55.765835	-32.522779
"676"	"FR"	"VN"	6	2020-06-23	2.213749	46.227638	108.277199	14.058324
"677"	"FR"	"ZA"	14	2020-06-23	2.213749	46.227638	22.937506	-30.559482
"678"	"FR"	"ZM"	1	2020-06-23	2.213749	46.227638	27.849332	-13.133897
"679"	"FR"	"ZW"	1	2020-06-23	2.213749	46.227638	29.154857	-19.015438
"680"	"GA"	"SN"	1	2020-06-23	11.609444	-0.803689	-14.452362	14.497401
"681"	"GB"	"GH"	2	2020-06-23	-3.435973	55.378051	-1.023194	7.946527
"682"	"GB"	"GM"	1	2020-06-23	-3.435973	55.378051	-15.310139	13.443182
"683"	"GB"	"GR"	13	2020-06-23	-3.435973	55.378051	21.824312	39.074208
"684"	"GB"	"HK"	29	2020-06-23	-3.435973	55.378051	114.109497	22.396428
"685"	"GB"	"HN"	1	2020-06-23	-3.435973	55.378051	-86.241905	15.199999
"686"	"GB"	"HR"	1	2020-06-23	-3.435973	55.378051	15.2	45.1
"687"	"GB"	"HU"	1	2020-06-23	-3.435973	55.378051	19.503304	47.162494
"688"	"GB"	"IE"	25	2020-06-23	-3.435973	55.378051	-8.24389	53.41291
"689"	"GB"	"IL"	12	2020-06-23	-3.435973	55.378051	34.851612	31.046051
"690"	"GB"	"IN"	34	2020-06-23	-3.435973	55.378051	78.96288	20.593684
"691"	"GB"	"IQ"	1	2020-06-23	-3.435973	55.378051	43.679291	33.223191
"692"	"GB"	"IR"	9	2020-06-23	-3.435973	55.378051	53.688046	32.427908
"693"	"GB"	"IS"	1	2020-06-23	-3.435973	55.378051	-19.020835	64.963051
"694"	"GB"	"IT"	131	2020-06-23	-3.435973	55.378051	12.56738	41.87194
"695"	"GB"	"JO"	4	2020-06-23	-3.435973	55.378051	36.238414	30.585164
"696"	"GB"	"JP"	6	2020-06-23	-3.435973	55.378051	138.252924	36.204824
"697"	"GB"	"KE"	4	2020-06-23	-3.435973	55.378051	37.906193	-0.023559
"698"	"GB"	"KR"	5	2020-06-23	-3.435973	55.378051	127.766922	35.907757
"699"	"GB"	"KW"	1	2020-06-23	-3.435973	55.378051	47.481766	29.31166
"700"	"GB"	"LB"	3	2020-06-23	-3.435973	55.378051	35.862285	33.854721
"701"	"GB"	"LK"	3	2020-06-23	-3.435973	55.378051	80.771797	7.873054
"702"	"GB"	"LU"	3	2020-06-23	-3.435973	55.378051	6.129583	49.815273
"703"	"GB"	"LY"	2	2020-06-23	-3.435973	55.378051	17.228331	26.3351
"704"	"GB"	"MA"	1	2020-06-23	-3.435973	55.378051	-7.09262	31.791702
"705"	"GB"	"MM"	2	2020-06-23	-3.435973	55.378051	95.956223	21.913965
"706"	"GB"	"MT"	2	2020-06-23	-3.435973	55.378051	14.375416	35.937496
"707"	"GB"	"MW"	1	2020-06-23	-3.435973	55.378051	34.301525	-13.254308
"708"	"GB"	"MX"	1	2020-06-23	-3.435973	55.378051	-102.552784	23.634501
"709"	"GB"	"MY"	13	2020-06-23	-3.435973	55.378051	101.975766	4.210484
"710"	"GB"	"MZ"	1	2020-06-23	-3.435973	55.378051	35.529562	-18.665695
"711"	"GB"	"NG"	6	2020-06-23	-3.435973	55.378051	8.675277	9.081999
"712"	"GB"	"NL"	40	2020-06-23	-3.435973	55.378051	5.291266	52.132633
"713"	"GB"	"NO"	13	2020-06-23	-3.435973	55.378051	8.468946	60.472024
"714"	"GB"	"NP"	5	2020-06-23	-3.435973	55.378051	84.124008	28.394857
"715"	"GB"	"NZ"	9	2020-06-23	-3.435973	55.378051	174.885971	-40.900557
"716"	"GB"	"OM"	3	2020-06-23	-3.435973	55.378051	55.923255	21.512583
"717"	"GB"	"PE"	2	2020-06-23	-3.435973	55.378051	-75.015152	-9.189967
"718"	"GB"	"PG"	1	2020-06-23	-3.435973	55.378051	143.95555	-6.314993
"719"	"GB"	"PH"	4	2020-06-23	-3.435973	55.378051	121.774017	12.879721
"720"	"GB"	"PK"	4	2020-06-23	-3.435973	55.378051	69.345116	30.375321
"721"	"GB"	"PL"	13	2020-06-23	-3.435973	55.378051	19.145136	51.919438
"722"	"GB"	"PT"	11	2020-06-23	-3.435973	55.378051	-8.224454	39.399872
"723"	"GB"	"QA"	1	2020-06-23	-3.435973	55.378051	51.183884	25.354826
"724"	"GB"	"RO"	6	2020-06-23	-3.435973	55.378051	24.96676	45.943161
"725"	"GB"	"RS"	2	2020-06-23	-3.435973	55.378051	21.005859	44.016521
"726"	"GB"	"RU"	3	2020-06-23	-3.435973	55.378051	105.318756	61.52401
"727"	"GB"	"RW"	1	2020-06-23	-3.435973	55.378051	29.873888	-1.940278
"728"	"GB"	"SA"	11	2020-06-23	-3.435973	55.378051	45.079162	23.885942
"729"	"GB"	"SD"	3	2020-06-23	-3.435973	55.378051	30.217636	12.862807
"730"	"GB"	"SE"	39	2020-06-23	-3.435973	55.378051	18.643501	60.128161
"731"	"GB"	"SG"	37	2020-06-23	-3.435973	55.378051	103.819836	1.352083
"732"	"GB"	"SI"	3	2020-06-23	-3.435973	55.378051	14.995463	46.151241
"733"	"GB"	"SK"	3	2020-06-23	-3.435973	55.378051	19.699024	48.669026
"734"	"GB"	"SL"	1	2020-06-23	-3.435973	55.378051	-11.779889	8.460555
"735"	"GB"	"SN"	1	2020-06-23	-3.435973	55.378051	-14.452362	14.497401
"736"	"GB"	"TH"	5	2020-06-23	-3.435973	55.378051	100.992541	15.870032
"737"	"GB"	"TR"	24	2020-06-23	-3.435973	55.378051	35.243322	38.963745
"738"	"GB"	"TT"	2	2020-06-23	-3.435973	55.378051	-61.222503	10.691803
"739"	"GB"	"TW"	1	2020-06-23	-3.435973	55.378051	120.960515	23.69781
"740"	"GB"	"TZ"	3	2020-06-23	-3.435973	55.378051	34.888822	-6.369028
"741"	"GB"	"UA"	5	2020-06-23	-3.435973	55.378051	31.16558	48.379433
"742"	"GB"	"UG"	4	2020-06-23	-3.435973	55.378051	32.290275	1.373333
"743"	"GB"	"US"	458	2020-06-23	-3.435973	55.378051	-95.712891	37.09024
"744"	"GB"	"UY"	1	2020-06-23	-3.435973	55.378051	-55.765835	-32.522779
"745"	"GB"	"VE"	1	2020-06-23	-3.435973	55.378051	-66.58973	6.42375
"746"	"GB"	"VN"	7	2020-06-23	-3.435973	55.378051	108.277199	14.058324
"747"	"GB"	"XK"	3	2020-06-23	-3.435973	55.378051	20.902977	42.602636
"748"	"GB"	"YE"	1	2020-06-23	-3.435973	55.378051	48.516388	15.552727
"749"	"GB"	"ZA"	59	2020-06-23	-3.435973	55.378051	22.937506	-30.559482
"750"	"GB"	"ZM"	5	2020-06-23	-3.435973	55.378051	27.849332	-13.133897
"751"	"GB"	"ZW"	4	2020-06-23	-3.435973	55.378051	29.154857	-19.015438
"752"	"GD"	"US"	1	2020-06-23	-61.604171	12.262776	-95.712891	37.09024
"753"	"GE"	"IL"	1	2020-06-23	43.356892	42.315407	34.851612	31.046051
"754"	"GE"	"PK"	1	2020-06-23	43.356892	42.315407	69.345116	30.375321
"755"	"GE"	"US"	4	2020-06-23	43.356892	42.315407	-95.712891	37.09024
"756"	"GF"	"US"	1	2020-06-23	-53.125782	3.933889	-95.712891	37.09024
"757"	"GH"	"IN"	1	2020-06-23	-1.023194	7.946527	78.96288	20.593684
"758"	"GH"	"IT"	1	2020-06-23	-1.023194	7.946527	12.56738	41.87194
"759"	"GH"	"MY"	2	2020-06-23	-1.023194	7.946527	101.975766	4.210484
"760"	"GH"	"RW"	1	2020-06-23	-1.023194	7.946527	29.873888	-1.940278
"761"	"GH"	"SD"	1	2020-06-23	-1.023194	7.946527	30.217636	12.862807
"762"	"GH"	"US"	3	2020-06-23	-1.023194	7.946527	-95.712891	37.09024
"763"	"GH"	"VN"	1	2020-06-23	-1.023194	7.946527	108.277199	14.058324
"764"	"GH"	"ZA"	7	2020-06-23	-1.023194	7.946527	22.937506	-30.559482
"765"	"GH"	"ZW"	1	2020-06-23	-1.023194	7.946527	29.154857	-19.015438
"766"	"GM"	"UG"	1	2020-06-23	-15.310139	13.443182	32.290275	1.373333
"767"	"GM"	"ZA"	1	2020-06-23	-15.310139	13.443182	22.937506	-30.559482
"768"	"GN"	"US"	1	2020-06-23	-9.696645	9.945587	-95.712891	37.09024
"769"	"GP"	"LK"	1	2020-06-23	-62.067641	16.995971	80.771797	7.873054
"770"	"GP"	"MQ"	2	2020-06-23	-62.067641	16.995971	-61.024174	14.641528
"771"	"GR"	"IR"	1	2020-06-23	21.824312	39.074208	53.688046	32.427908
"772"	"GR"	"IT"	11	2020-06-23	21.824312	39.074208	12.56738	41.87194
"773"	"GR"	"KZ"	1	2020-06-23	21.824312	39.074208	66.923684	48.019573
"774"	"GR"	"LK"	2	2020-06-23	21.824312	39.074208	80.771797	7.873054
"775"	"GR"	"LT"	1	2020-06-23	21.824312	39.074208	23.881275	55.169438
"776"	"GR"	"MA"	1	2020-06-23	21.824312	39.074208	-7.09262	31.791702
"777"	"GR"	"MY"	1	2020-06-23	21.824312	39.074208	101.975766	4.210484
"778"	"GR"	"NL"	6	2020-06-23	21.824312	39.074208	5.291266	52.132633
"779"	"GR"	"NO"	1	2020-06-23	21.824312	39.074208	8.468946	60.472024
"780"	"GR"	"OM"	1	2020-06-23	21.824312	39.074208	55.923255	21.512583
"781"	"GR"	"PL"	4	2020-06-23	21.824312	39.074208	19.145136	51.919438
"782"	"GR"	"PT"	2	2020-06-23	21.824312	39.074208	-8.224454	39.399872
"783"	"GR"	"RO"	4	2020-06-23	21.824312	39.074208	24.96676	45.943161
"784"	"GR"	"RU"	1	2020-06-23	21.824312	39.074208	105.318756	61.52401
"785"	"GR"	"SA"	1	2020-06-23	21.824312	39.074208	45.079162	23.885942
"786"	"GR"	"SE"	6	2020-06-23	21.824312	39.074208	18.643501	60.128161
"787"	"GR"	"TR"	9	2020-06-23	21.824312	39.074208	35.243322	38.963745
"788"	"GR"	"US"	48	2020-06-23	21.824312	39.074208	-95.712891	37.09024
"789"	"GR"	"VE"	1	2020-06-23	21.824312	39.074208	-66.58973	6.42375
"790"	"GR"	"VN"	1	2020-06-23	21.824312	39.074208	108.277199	14.058324
"791"	"GR"	"XK"	1	2020-06-23	21.824312	39.074208	20.902977	42.602636
"792"	"GR"	"ZA"	5	2020-06-23	21.824312	39.074208	22.937506	-30.559482
"793"	"GT"	"VE"	3	2020-06-23	-90.230759	15.783471	-66.58973	6.42375
"794"	"GT"	"ZA"	3	2020-06-23	-90.230759	15.783471	22.937506	-30.559482
"795"	"GW"	"US"	2	2020-06-23	-15.180413	11.803749	-95.712891	37.09024
"796"	"GY"	"US"	1	2020-06-23	-58.93018	4.860416	-95.712891	37.09024
"797"	"HK"	"IL"	1	2020-06-23	114.109497	22.396428	34.851612	31.046051
"798"	"HK"	"IT"	4	2020-06-23	114.109497	22.396428	12.56738	41.87194
"799"	"HK"	"JP"	1	2020-06-23	114.109497	22.396428	138.252924	36.204824
"800"	"HK"	"KR"	1	2020-06-23	114.109497	22.396428	127.766922	35.907757
"801"	"HK"	"LK"	1	2020-06-23	114.109497	22.396428	80.771797	7.873054
"802"	"HK"	"MO"	4	2020-06-23	114.109497	22.396428	113.543873	22.198745
"803"	"HK"	"MY"	1	2020-06-23	114.109497	22.396428	101.975766	4.210484
"804"	"HK"	"NL"	1	2020-06-23	114.109497	22.396428	5.291266	52.132633
"805"	"HK"	"NZ"	1	2020-06-23	114.109497	22.396428	174.885971	-40.900557
"806"	"HK"	"PE"	1	2020-06-23	114.109497	22.396428	-75.015152	-9.189967
"807"	"HK"	"PL"	1	2020-06-23	114.109497	22.396428	19.145136	51.919438
"808"	"HK"	"PT"	1	2020-06-23	114.109497	22.396428	-8.224454	39.399872
"809"	"HK"	"RU"	1	2020-06-23	114.109497	22.396428	105.318756	61.52401
"810"	"HK"	"SA"	1	2020-06-23	114.109497	22.396428	45.079162	23.885942
"811"	"HK"	"SE"	3	2020-06-23	114.109497	22.396428	18.643501	60.128161
"812"	"HK"	"SG"	6	2020-06-23	114.109497	22.396428	103.819836	1.352083
"813"	"HK"	"TR"	1	2020-06-23	114.109497	22.396428	35.243322	38.963745
"814"	"HK"	"TW"	11	2020-06-23	114.109497	22.396428	120.960515	23.69781
"815"	"HK"	"US"	97	2020-06-23	114.109497	22.396428	-95.712891	37.09024
"816"	"HK"	"UY"	1	2020-06-23	114.109497	22.396428	-55.765835	-32.522779
"817"	"HK"	"ZA"	12	2020-06-23	114.109497	22.396428	22.937506	-30.559482
"818"	"HK"	"ZM"	1	2020-06-23	114.109497	22.396428	27.849332	-13.133897
"819"	"HN"	"MX"	1	2020-06-23	-86.241905	15.199999	-102.552784	23.634501
"820"	"HN"	"SA"	1	2020-06-23	-86.241905	15.199999	45.079162	23.885942
"821"	"HN"	"US"	3	2020-06-23	-86.241905	15.199999	-95.712891	37.09024
"822"	"HN"	"UY"	1	2020-06-23	-86.241905	15.199999	-55.765835	-32.522779
"823"	"HN"	"VE"	3	2020-06-23	-86.241905	15.199999	-66.58973	6.42375
"824"	"HR"	"IT"	3	2020-06-23	15.2	45.1	12.56738	41.87194
"825"	"HR"	"NL"	1	2020-06-23	15.2	45.1	5.291266	52.132633
"826"	"HR"	"PL"	1	2020-06-23	15.2	45.1	19.145136	51.919438
"827"	"HR"	"PT"	2	2020-06-23	15.2	45.1	-8.224454	39.399872
"828"	"HR"	"RS"	1	2020-06-23	15.2	45.1	21.005859	44.016521
"829"	"HR"	"RU"	2	2020-06-23	15.2	45.1	105.318756	61.52401
"830"	"HR"	"SE"	1	2020-06-23	15.2	45.1	18.643501	60.128161
"831"	"HR"	"SI"	2	2020-06-23	15.2	45.1	14.995463	46.151241
"832"	"HR"	"TR"	3	2020-06-23	15.2	45.1	35.243322	38.963745
"833"	"HR"	"UA"	1	2020-06-23	15.2	45.1	31.16558	48.379433
"834"	"HR"	"US"	9	2020-06-23	15.2	45.1	-95.712891	37.09024
"835"	"HR"	"XK"	1	2020-06-23	15.2	45.1	20.902977	42.602636
"836"	"HR"	"ZA"	1	2020-06-23	15.2	45.1	22.937506	-30.559482
"837"	"HT"	"VE"	1	2020-06-23	-72.285215	18.971187	-66.58973	6.42375
"838"	"HU"	"JP"	1	2020-06-23	19.503304	47.162494	138.252924	36.204824
"839"	"HU"	"NL"	1	2020-06-23	19.503304	47.162494	5.291266	52.132633
"840"	"HU"	"NO"	1	2020-06-23	19.503304	47.162494	8.468946	60.472024
"841"	"HU"	"PT"	1	2020-06-23	19.503304	47.162494	-8.224454	39.399872
"842"	"HU"	"SE"	1	2020-06-23	19.503304	47.162494	18.643501	60.128161
"843"	"HU"	"TR"	2	2020-06-23	19.503304	47.162494	35.243322	38.963745
"844"	"HU"	"UA"	1	2020-06-23	19.503304	47.162494	31.16558	48.379433
"845"	"HU"	"US"	12	2020-06-23	19.503304	47.162494	-95.712891	37.09024
"846"	"HU"	"VN"	2	2020-06-23	19.503304	47.162494	108.277199	14.058324
"847"	"HU"	"ZA"	1	2020-06-23	19.503304	47.162494	22.937506	-30.559482
"848"	"HU"	"ZW"	1	2020-06-23	19.503304	47.162494	29.154857	-19.015438
"849"	"ID"	"IN"	1	2020-06-23	113.921327	-0.789275	78.96288	20.593684
"850"	"ID"	"NL"	1	2020-06-23	113.921327	-0.789275	5.291266	52.132633
"851"	"ID"	"NP"	3	2020-06-23	113.921327	-0.789275	84.124008	28.394857
"852"	"ID"	"SG"	1	2020-06-23	113.921327	-0.789275	103.819836	1.352083
"853"	"ID"	"TH"	2	2020-06-23	113.921327	-0.789275	100.992541	15.870032
"854"	"ID"	"TW"	2	2020-06-23	113.921327	-0.789275	120.960515	23.69781
"855"	"ID"	"TZ"	1	2020-06-23	113.921327	-0.789275	34.888822	-6.369028
"856"	"ID"	"US"	6	2020-06-23	113.921327	-0.789275	-95.712891	37.09024
"857"	"ID"	"XK"	2	2020-06-23	113.921327	-0.789275	20.902977	42.602636
"858"	"ID"	"ZA"	2	2020-06-23	113.921327	-0.789275	22.937506	-30.559482
"859"	"ID"	"ZW"	1	2020-06-23	113.921327	-0.789275	29.154857	-19.015438
"860"	"IE"	"IL"	2	2020-06-23	-8.24389	53.41291	34.851612	31.046051
"861"	"IE"	"IN"	1	2020-06-23	-8.24389	53.41291	78.96288	20.593684
"862"	"IE"	"IS"	1	2020-06-23	-8.24389	53.41291	-19.020835	64.963051
"863"	"IE"	"IT"	10	2020-06-23	-8.24389	53.41291	12.56738	41.87194
"864"	"IE"	"LY"	1	2020-06-23	-8.24389	53.41291	17.228331	26.3351
"865"	"IE"	"NL"	12	2020-06-23	-8.24389	53.41291	5.291266	52.132633
"866"	"IE"	"NO"	2	2020-06-23	-8.24389	53.41291	8.468946	60.472024
"867"	"IE"	"PK"	1	2020-06-23	-8.24389	53.41291	69.345116	30.375321
"868"	"IE"	"PT"	1	2020-06-23	-8.24389	53.41291	-8.224454	39.399872
"869"	"IE"	"SE"	6	2020-06-23	-8.24389	53.41291	18.643501	60.128161
"870"	"IE"	"SG"	1	2020-06-23	-8.24389	53.41291	103.819836	1.352083
"871"	"IE"	"TR"	2	2020-06-23	-8.24389	53.41291	35.243322	38.963745
"872"	"IE"	"US"	41	2020-06-23	-8.24389	53.41291	-95.712891	37.09024
"873"	"IE"	"ZA"	4	2020-06-23	-8.24389	53.41291	22.937506	-30.559482
"874"	"IL"	"IN"	2	2020-06-23	34.851612	31.046051	78.96288	20.593684
"875"	"IL"	"IT"	9	2020-06-23	34.851612	31.046051	12.56738	41.87194
"876"	"IL"	"NO"	1	2020-06-23	34.851612	31.046051	8.468946	60.472024
"877"	"IL"	"PL"	1	2020-06-23	34.851612	31.046051	19.145136	51.919438
"878"	"IL"	"PT"	4	2020-06-23	34.851612	31.046051	-8.224454	39.399872
"879"	"IL"	"RS"	1	2020-06-23	34.851612	31.046051	21.005859	44.016521
"880"	"IL"	"RU"	9	2020-06-23	34.851612	31.046051	105.318756	61.52401
"881"	"IL"	"SE"	4	2020-06-23	34.851612	31.046051	18.643501	60.128161
"882"	"IL"	"TR"	3	2020-06-23	34.851612	31.046051	35.243322	38.963745
"883"	"IL"	"UA"	1	2020-06-23	34.851612	31.046051	31.16558	48.379433
"884"	"IL"	"US"	33	2020-06-23	34.851612	31.046051	-95.712891	37.09024
"885"	"IL"	"VE"	1	2020-06-23	34.851612	31.046051	-66.58973	6.42375
"886"	"IL"	"VN"	1	2020-06-23	34.851612	31.046051	108.277199	14.058324
"887"	"IL"	"ZA"	4	2020-06-23	34.851612	31.046051	22.937506	-30.559482
"888"	"IN"	"IR"	4	2020-06-23	78.96288	20.593684	53.688046	32.427908
"889"	"IN"	"IT"	2	2020-06-23	78.96288	20.593684	12.56738	41.87194
"890"	"IN"	"JM"	1	2020-06-23	78.96288	20.593684	-77.297508	18.109581
"891"	"IN"	"JP"	9	2020-06-23	78.96288	20.593684	138.252924	36.204824
"892"	"IN"	"KE"	1	2020-06-23	78.96288	20.593684	37.906193	-0.023559
"893"	"IN"	"KR"	8	2020-06-23	78.96288	20.593684	127.766922	35.907757
"894"	"IN"	"LK"	1	2020-06-23	78.96288	20.593684	80.771797	7.873054
"895"	"IN"	"MA"	2	2020-06-23	78.96288	20.593684	-7.09262	31.791702
"896"	"IN"	"MX"	1	2020-06-23	78.96288	20.593684	-102.552784	23.634501
"897"	"IN"	"MY"	5	2020-06-23	78.96288	20.593684	101.975766	4.210484
"898"	"IN"	"NL"	6	2020-06-23	78.96288	20.593684	5.291266	52.132633
"899"	"IN"	"NO"	3	2020-06-23	78.96288	20.593684	8.468946	60.472024
"900"	"IN"	"NP"	7	2020-06-23	78.96288	20.593684	84.124008	28.394857
"901"	"IN"	"NZ"	2	2020-06-23	78.96288	20.593684	174.885971	-40.900557
"902"	"IN"	"OM"	3	2020-06-23	78.96288	20.593684	55.923255	21.512583
"903"	"IN"	"PK"	3	2020-06-23	78.96288	20.593684	69.345116	30.375321
"904"	"IN"	"PL"	3	2020-06-23	78.96288	20.593684	19.145136	51.919438
"905"	"IN"	"QA"	2	2020-06-23	78.96288	20.593684	51.183884	25.354826
"906"	"IN"	"RO"	1	2020-06-23	78.96288	20.593684	24.96676	45.943161
"907"	"IN"	"RU"	3	2020-06-23	78.96288	20.593684	105.318756	61.52401
"908"	"IN"	"SA"	18	2020-06-23	78.96288	20.593684	45.079162	23.885942
"909"	"IN"	"SE"	1	2020-06-23	78.96288	20.593684	18.643501	60.128161
"910"	"IN"	"SG"	8	2020-06-23	78.96288	20.593684	103.819836	1.352083
"911"	"IN"	"TH"	49	2020-06-23	78.96288	20.593684	100.992541	15.870032
"912"	"IN"	"TR"	5	2020-06-23	78.96288	20.593684	35.243322	38.963745
"913"	"IN"	"TW"	5	2020-06-23	78.96288	20.593684	120.960515	23.69781
"914"	"IN"	"UA"	2	2020-06-23	78.96288	20.593684	31.16558	48.379433
"915"	"IN"	"US"	149	2020-06-23	78.96288	20.593684	-95.712891	37.09024
"916"	"IN"	"UY"	1	2020-06-23	78.96288	20.593684	-55.765835	-32.522779
"917"	"IN"	"VE"	3	2020-06-23	78.96288	20.593684	-66.58973	6.42375
"918"	"IN"	"VN"	3	2020-06-23	78.96288	20.593684	108.277199	14.058324
"919"	"IN"	"XK"	3	2020-06-23	78.96288	20.593684	20.902977	42.602636
"920"	"IN"	"YE"	1	2020-06-23	78.96288	20.593684	48.516388	15.552727
"921"	"IN"	"ZA"	18	2020-06-23	78.96288	20.593684	22.937506	-30.559482
"922"	"IN"	"ZW"	1	2020-06-23	78.96288	20.593684	29.154857	-19.015438
"923"	"IQ"	"IR"	1	2020-06-23	43.679291	33.223191	53.688046	32.427908
"924"	"IQ"	"IT"	1	2020-06-23	43.679291	33.223191	12.56738	41.87194
"925"	"IQ"	"MY"	1	2020-06-23	43.679291	33.223191	101.975766	4.210484
"926"	"IQ"	"PK"	1	2020-06-23	43.679291	33.223191	69.345116	30.375321
"927"	"IQ"	"SA"	1	2020-06-23	43.679291	33.223191	45.079162	23.885942
"928"	"IQ"	"TR"	3	2020-06-23	43.679291	33.223191	35.243322	38.963745
"929"	"IQ"	"US"	3	2020-06-23	43.679291	33.223191	-95.712891	37.09024
"930"	"IQ"	"YE"	1	2020-06-23	43.679291	33.223191	48.516388	15.552727
"931"	"IR"	"IT"	11	2020-06-23	53.688046	32.427908	12.56738	41.87194
"932"	"IR"	"JP"	2	2020-06-23	53.688046	32.427908	138.252924	36.204824
"933"	"IR"	"KR"	1	2020-06-23	53.688046	32.427908	127.766922	35.907757
"934"	"IR"	"MY"	1	2020-06-23	53.688046	32.427908	101.975766	4.210484
"935"	"IR"	"NL"	2	2020-06-23	53.688046	32.427908	5.291266	52.132633
"936"	"IR"	"PE"	1	2020-06-23	53.688046	32.427908	-75.015152	-9.189967
"937"	"IR"	"PL"	4	2020-06-23	53.688046	32.427908	19.145136	51.919438
"938"	"IR"	"QA"	2	2020-06-23	53.688046	32.427908	51.183884	25.354826
"939"	"IR"	"RO"	5	2020-06-23	53.688046	32.427908	24.96676	45.943161
"940"	"IR"	"RU"	2	2020-06-23	53.688046	32.427908	105.318756	61.52401
"941"	"IR"	"RW"	1	2020-06-23	53.688046	32.427908	29.873888	-1.940278
"942"	"IR"	"SA"	3	2020-06-23	53.688046	32.427908	45.079162	23.885942
"943"	"IR"	"SE"	1	2020-06-23	53.688046	32.427908	18.643501	60.128161
"944"	"IR"	"SG"	1	2020-06-23	53.688046	32.427908	103.819836	1.352083
"945"	"IR"	"TH"	3	2020-06-23	53.688046	32.427908	100.992541	15.870032
"946"	"IR"	"TR"	5	2020-06-23	53.688046	32.427908	35.243322	38.963745
"947"	"IR"	"TW"	2	2020-06-23	53.688046	32.427908	120.960515	23.69781
"948"	"IR"	"US"	77	2020-06-23	53.688046	32.427908	-95.712891	37.09024
"949"	"IR"	"VN"	2	2020-06-23	53.688046	32.427908	108.277199	14.058324
"950"	"IR"	"XK"	3	2020-06-23	53.688046	32.427908	20.902977	42.602636
"951"	"IR"	"ZA"	5	2020-06-23	53.688046	32.427908	22.937506	-30.559482
"952"	"IR"	"ZW"	1	2020-06-23	53.688046	32.427908	29.154857	-19.015438
"953"	"IS"	"US"	2	2020-06-23	-19.020835	64.963051	-95.712891	37.09024
"954"	"IT"	"JO"	5	2020-06-23	12.56738	41.87194	36.238414	30.585164
"955"	"IT"	"JP"	5	2020-06-23	12.56738	41.87194	138.252924	36.204824
"956"	"IT"	"KE"	1	2020-06-23	12.56738	41.87194	37.906193	-0.023559
"957"	"IT"	"KR"	2	2020-06-23	12.56738	41.87194	127.766922	35.907757
"958"	"IT"	"LB"	2	2020-06-23	12.56738	41.87194	35.862285	33.854721
"959"	"IT"	"MA"	1	2020-06-23	12.56738	41.87194	-7.09262	31.791702
"960"	"IT"	"MX"	1	2020-06-23	12.56738	41.87194	-102.552784	23.634501
"961"	"IT"	"NI"	1	2020-06-23	12.56738	41.87194	-85.207229	12.865416
"962"	"IT"	"NL"	28	2020-06-23	12.56738	41.87194	5.291266	52.132633
"963"	"IT"	"NO"	6	2020-06-23	12.56738	41.87194	8.468946	60.472024
"964"	"IT"	"NP"	1	2020-06-23	12.56738	41.87194	84.124008	28.394857
"965"	"IT"	"OM"	3	2020-06-23	12.56738	41.87194	55.923255	21.512583
"966"	"IT"	"PK"	2	2020-06-23	12.56738	41.87194	69.345116	30.375321
"967"	"IT"	"PL"	18	2020-06-23	12.56738	41.87194	19.145136	51.919438
"968"	"IT"	"PT"	20	2020-06-23	12.56738	41.87194	-8.224454	39.399872
"969"	"IT"	"PY"	1	2020-06-23	12.56738	41.87194	-58.443832	-23.442503
"970"	"IT"	"QA"	2	2020-06-23	12.56738	41.87194	51.183884	25.354826
"971"	"IT"	"RO"	5	2020-06-23	12.56738	41.87194	24.96676	45.943161
"972"	"IT"	"RS"	5	2020-06-23	12.56738	41.87194	21.005859	44.016521
"973"	"IT"	"RU"	14	2020-06-23	12.56738	41.87194	105.318756	61.52401
"974"	"IT"	"SA"	6	2020-06-23	12.56738	41.87194	45.079162	23.885942
"975"	"IT"	"SD"	2	2020-06-23	12.56738	41.87194	30.217636	12.862807
"976"	"IT"	"SE"	33	2020-06-23	12.56738	41.87194	18.643501	60.128161
"977"	"IT"	"SG"	3	2020-06-23	12.56738	41.87194	103.819836	1.352083
"978"	"IT"	"SI"	5	2020-06-23	12.56738	41.87194	14.995463	46.151241
"979"	"IT"	"SL"	1	2020-06-23	12.56738	41.87194	-11.779889	8.460555
"980"	"IT"	"SM"	1	2020-06-23	12.56738	41.87194	12.457777	43.94236
"981"	"IT"	"TN"	1	2020-06-23	12.56738	41.87194	9.537499	33.886917
"982"	"IT"	"TR"	30	2020-06-23	12.56738	41.87194	35.243322	38.963745
"983"	"IT"	"TW"	3	2020-06-23	12.56738	41.87194	120.960515	23.69781
"984"	"IT"	"UA"	3	2020-06-23	12.56738	41.87194	31.16558	48.379433
"985"	"IT"	"UG"	2	2020-06-23	12.56738	41.87194	32.290275	1.373333
"986"	"IT"	"US"	419	2020-06-23	12.56738	41.87194	-95.712891	37.09024
"987"	"IT"	"UY"	2	2020-06-23	12.56738	41.87194	-55.765835	-32.522779
"988"	"IT"	"VE"	2	2020-06-23	12.56738	41.87194	-66.58973	6.42375
"989"	"IT"	"VN"	1	2020-06-23	12.56738	41.87194	108.277199	14.058324
"990"	"IT"	"XK"	2	2020-06-23	12.56738	41.87194	20.902977	42.602636
"991"	"IT"	"ZA"	26	2020-06-23	12.56738	41.87194	22.937506	-30.559482
"992"	"IT"	"ZM"	1	2020-06-23	12.56738	41.87194	27.849332	-13.133897
"993"	"IT"	"ZW"	1	2020-06-23	12.56738	41.87194	29.154857	-19.015438
"994"	"JM"	"NL"	1	2020-06-23	-77.297508	18.109581	5.291266	52.132633
"995"	"JM"	"US"	3	2020-06-23	-77.297508	18.109581	-95.712891	37.09024
"996"	"JO"	"NL"	1	2020-06-23	36.238414	30.585164	5.291266	52.132633
"997"	"JO"	"QA"	2	2020-06-23	36.238414	30.585164	51.183884	25.354826
"998"	"JO"	"SA"	2	2020-06-23	36.238414	30.585164	45.079162	23.885942
"999"	"JO"	"TH"	1	2020-06-23	36.238414	30.585164	100.992541	15.870032
"1000"	"JO"	"TN"	1	2020-06-23	36.238414	30.585164	9.537499	33.886917
"1001"	"JO"	"US"	4	2020-06-23	36.238414	30.585164	-95.712891	37.09024
"1002"	"JO"	"VN"	1	2020-06-23	36.238414	30.585164	108.277199	14.058324
"1003"	"JO"	"YE"	2	2020-06-23	36.238414	30.585164	48.516388	15.552727
"1004"	"JP"	"KR"	14	2020-06-23	138.252924	36.204824	127.766922	35.907757
"1005"	"JP"	"NP"	2	2020-06-23	138.252924	36.204824	84.124008	28.394857
"1006"	"JP"	"NZ"	1	2020-06-23	138.252924	36.204824	174.885971	-40.900557
"1007"	"JP"	"PH"	3	2020-06-23	138.252924	36.204824	121.774017	12.879721
"1008"	"JP"	"SA"	1	2020-06-23	138.252924	36.204824	45.079162	23.885942
"1009"	"JP"	"SE"	2	2020-06-23	138.252924	36.204824	18.643501	60.128161
"1010"	"JP"	"SG"	2	2020-06-23	138.252924	36.204824	103.819836	1.352083
"1011"	"JP"	"SK"	1	2020-06-23	138.252924	36.204824	19.699024	48.669026
"1012"	"JP"	"TH"	2	2020-06-23	138.252924	36.204824	100.992541	15.870032
"1013"	"JP"	"TR"	2	2020-06-23	138.252924	36.204824	35.243322	38.963745
"1014"	"JP"	"TW"	8	2020-06-23	138.252924	36.204824	120.960515	23.69781
"1015"	"JP"	"US"	85	2020-06-23	138.252924	36.204824	-95.712891	37.09024
"1016"	"JP"	"UY"	1	2020-06-23	138.252924	36.204824	-55.765835	-32.522779
"1017"	"JP"	"VN"	3	2020-06-23	138.252924	36.204824	108.277199	14.058324
"1018"	"JP"	"ZA"	11	2020-06-23	138.252924	36.204824	22.937506	-30.559482
"1019"	"KE"	"PG"	1	2020-06-23	37.906193	-0.023559	143.95555	-6.314993
"1020"	"KE"	"PT"	1	2020-06-23	37.906193	-0.023559	-8.224454	39.399872
"1021"	"KE"	"RU"	1	2020-06-23	37.906193	-0.023559	105.318756	61.52401
"1022"	"KE"	"UG"	1	2020-06-23	37.906193	-0.023559	32.290275	1.373333
"1023"	"KE"	"US"	10	2020-06-23	37.906193	-0.023559	-95.712891	37.09024
"1024"	"KE"	"ZA"	7	2020-06-23	37.906193	-0.023559	22.937506	-30.559482
"1025"	"KE"	"ZW"	1	2020-06-23	37.906193	-0.023559	29.154857	-19.015438
"1026"	"KH"	"US"	4	2020-06-23	104.990963	12.565679	-95.712891	37.09024
"1027"	"KR"	"PK"	2	2020-06-23	127.766922	35.907757	69.345116	30.375321
"1028"	"KR"	"SA"	1	2020-06-23	127.766922	35.907757	45.079162	23.885942
"1029"	"KR"	"SE"	1	2020-06-23	127.766922	35.907757	18.643501	60.128161
"1030"	"KR"	"SG"	1	2020-06-23	127.766922	35.907757	103.819836	1.352083
"1031"	"KR"	"TH"	1	2020-06-23	127.766922	35.907757	100.992541	15.870032
"1032"	"KR"	"TW"	6	2020-06-23	127.766922	35.907757	120.960515	23.69781
"1033"	"KR"	"US"	48	2020-06-23	127.766922	35.907757	-95.712891	37.09024
"1034"	"KR"	"VN"	1	2020-06-23	127.766922	35.907757	108.277199	14.058324
"1035"	"KR"	"ZA"	10	2020-06-23	127.766922	35.907757	22.937506	-30.559482
"1036"	"KW"	"OM"	1	2020-06-23	47.481766	29.31166	55.923255	21.512583
"1037"	"KW"	"PK"	1	2020-06-23	47.481766	29.31166	69.345116	30.375321
"1038"	"KW"	"QA"	1	2020-06-23	47.481766	29.31166	51.183884	25.354826
"1039"	"KW"	"SA"	2	2020-06-23	47.481766	29.31166	45.079162	23.885942
"1040"	"KW"	"TH"	1	2020-06-23	47.481766	29.31166	100.992541	15.870032
"1041"	"KW"	"TR"	1	2020-06-23	47.481766	29.31166	35.243322	38.963745
"1042"	"KW"	"US"	5	2020-06-23	47.481766	29.31166	-95.712891	37.09024
"1043"	"KZ"	"RU"	1	2020-06-23	66.923684	48.019573	105.318756	61.52401
"1044"	"KZ"	"UA"	1	2020-06-23	66.923684	48.019573	31.16558	48.379433
"1045"	"KZ"	"US"	1	2020-06-23	66.923684	48.019573	-95.712891	37.09024
"1046"	"LA"	"US"	2	2020-06-23	102.495496	19.85627	-95.712891	37.09024
"1047"	"LA"	"VN"	1	2020-06-23	102.495496	19.85627	108.277199	14.058324
"1048"	"LB"	"PL"	1	2020-06-23	35.862285	33.854721	19.145136	51.919438
"1049"	"LB"	"QA"	2	2020-06-23	35.862285	33.854721	51.183884	25.354826
"1050"	"LB"	"SA"	1	2020-06-23	35.862285	33.854721	45.079162	23.885942
"1051"	"LB"	"TN"	1	2020-06-23	35.862285	33.854721	9.537499	33.886917
"1052"	"LB"	"US"	14	2020-06-23	35.862285	33.854721	-95.712891	37.09024
"1053"	"LB"	"XK"	2	2020-06-23	35.862285	33.854721	20.902977	42.602636
"1054"	"LB"	"ZA"	2	2020-06-23	35.862285	33.854721	22.937506	-30.559482
"1055"	"LB"	"ZW"	1	2020-06-23	35.862285	33.854721	29.154857	-19.015438
"1056"	"LC"	"US"	1	2020-06-23	-60.978893	13.909444	-95.712891	37.09024
"1057"	"LK"	"US"	3	2020-06-23	80.771797	7.873054	-95.712891	37.09024
"1058"	"LK"	"ZA"	1	2020-06-23	80.771797	7.873054	22.937506	-30.559482
"1059"	"LR"	"US"	1	2020-06-23	-9.429499	6.428055	-95.712891	37.09024
"1060"	"LR"	"ZA"	1	2020-06-23	-9.429499	6.428055	22.937506	-30.559482
"1061"	"LS"	"ZA"	1	2020-06-23	28.233608	-29.609988	22.937506	-30.559482
"1062"	"LT"	"NL"	1	2020-06-23	23.881275	55.169438	5.291266	52.132633
"1063"	"LT"	"PL"	1	2020-06-23	23.881275	55.169438	19.145136	51.919438
"1064"	"LT"	"TR"	1	2020-06-23	23.881275	55.169438	35.243322	38.963745
"1065"	"LT"	"UA"	1	2020-06-23	23.881275	55.169438	31.16558	48.379433
"1066"	"LT"	"US"	5	2020-06-23	23.881275	55.169438	-95.712891	37.09024
"1067"	"LT"	"ZA"	2	2020-06-23	23.881275	55.169438	22.937506	-30.559482
"1068"	"LU"	"NL"	2	2020-06-23	6.129583	49.815273	5.291266	52.132633
"1069"	"LU"	"US"	4	2020-06-23	6.129583	49.815273	-95.712891	37.09024
"1070"	"LU"	"ZA"	1	2020-06-23	6.129583	49.815273	22.937506	-30.559482
"1071"	"LV"	"SE"	2	2020-06-23	24.603189	56.879635	18.643501	60.128161
"1072"	"LY"	"PT"	1	2020-06-23	17.228331	26.3351	-8.224454	39.399872
"1073"	"LY"	"SA"	1	2020-06-23	17.228331	26.3351	45.079162	23.885942
"1074"	"LY"	"TN"	1	2020-06-23	17.228331	26.3351	9.537499	33.886917
"1075"	"MA"	"TN"	1	2020-06-23	-7.09262	31.791702	9.537499	33.886917
"1076"	"MA"	"US"	2	2020-06-23	-7.09262	31.791702	-95.712891	37.09024
"1077"	"MA"	"YE"	1	2020-06-23	-7.09262	31.791702	48.516388	15.552727
"1078"	"MA"	"ZA"	2	2020-06-23	-7.09262	31.791702	22.937506	-30.559482
"1079"	"MC"	"RO"	1	2020-06-23	7.412841	43.750298	24.96676	45.943161
"1080"	"MD"	"US"	1	2020-06-23	28.369885	47.411631	-95.712891	37.09024
"1081"	"ME"	"XK"	1	2020-06-23	19.37439	42.708678	20.902977	42.602636
"1082"	"MG"	"ZA"	1	2020-06-23	46.869107	-18.766947	22.937506	-30.559482
"1083"	"MK"	"US"	1	2020-06-23	21.745275	41.608635	-95.712891	37.09024
"1084"	"MK"	"XK"	2	2020-06-23	21.745275	41.608635	20.902977	42.602636
"1085"	"MK"	"ZA"	1	2020-06-23	21.745275	41.608635	22.937506	-30.559482
"1086"	"ML"	"TR"	2	2020-06-23	-3.996166	17.570692	35.243322	38.963745
"1087"	"ML"	"US"	5	2020-06-23	-3.996166	17.570692	-95.712891	37.09024
"1088"	"ML"	"ZA"	1	2020-06-23	-3.996166	17.570692	22.937506	-30.559482
"1089"	"ML"	"ZM"	1	2020-06-23	-3.996166	17.570692	27.849332	-13.133897
"1090"	"MM"	"US"	2	2020-06-23	95.956223	21.913965	-95.712891	37.09024
"1091"	"MO"	"PT"	1	2020-06-23	113.543873	22.198745	-8.224454	39.399872
"1092"	"MQ"	"US"	2	2020-06-23	-61.024174	14.641528	-95.712891	37.09024
"1093"	"MR"	"US"	1	2020-06-23	-10.940835	21.00789	-95.712891	37.09024
"1094"	"MT"	"NL"	1	2020-06-23	14.375416	35.937496	5.291266	52.132633
"1095"	"MT"	"SK"	2	2020-06-23	14.375416	35.937496	19.699024	48.669026
"1096"	"MT"	"US"	1	2020-06-23	14.375416	35.937496	-95.712891	37.09024
"1097"	"MU"	"NP"	1	2020-06-23	57.552152	-20.348404	84.124008	28.394857
"1098"	"MU"	"ZA"	1	2020-06-23	57.552152	-20.348404	22.937506	-30.559482
"1099"	"MW"	"US"	2	2020-06-23	34.301525	-13.254308	-95.712891	37.09024
"1100"	"MW"	"ZA"	3	2020-06-23	34.301525	-13.254308	22.937506	-30.559482
"1101"	"MW"	"ZW"	1	2020-06-23	34.301525	-13.254308	29.154857	-19.015438
"1102"	"MX"	"MY"	1	2020-06-23	-102.552784	23.634501	101.975766	4.210484
"1103"	"MX"	"PT"	1	2020-06-23	-102.552784	23.634501	-8.224454	39.399872
"1104"	"MX"	"TR"	1	2020-06-23	-102.552784	23.634501	35.243322	38.963745
"1105"	"MX"	"US"	40	2020-06-23	-102.552784	23.634501	-95.712891	37.09024
"1106"	"MX"	"UY"	2	2020-06-23	-102.552784	23.634501	-55.765835	-32.522779
"1107"	"MX"	"VE"	3	2020-06-23	-102.552784	23.634501	-66.58973	6.42375
"1108"	"MX"	"ZA"	7	2020-06-23	-102.552784	23.634501	22.937506	-30.559482
"1109"	"MX"	"ZW"	1	2020-06-23	-102.552784	23.634501	29.154857	-19.015438
"1110"	"MY"	"NP"	2	2020-06-23	101.975766	4.210484	84.124008	28.394857
"1111"	"MY"	"PK"	2	2020-06-23	101.975766	4.210484	69.345116	30.375321
"1112"	"MY"	"SA"	1	2020-06-23	101.975766	4.210484	45.079162	23.885942
"1113"	"MY"	"SG"	1	2020-06-23	101.975766	4.210484	103.819836	1.352083
"1114"	"MY"	"TW"	2	2020-06-23	101.975766	4.210484	120.960515	23.69781
"1115"	"MY"	"TZ"	1	2020-06-23	101.975766	4.210484	34.888822	-6.369028
"1116"	"MY"	"US"	14	2020-06-23	101.975766	4.210484	-95.712891	37.09024
"1117"	"MY"	"VN"	2	2020-06-23	101.975766	4.210484	108.277199	14.058324
"1118"	"MY"	"ZA"	2	2020-06-23	101.975766	4.210484	22.937506	-30.559482
"1119"	"MY"	"ZW"	1	2020-06-23	101.975766	4.210484	29.154857	-19.015438
"1120"	"MZ"	"SD"	1	2020-06-23	35.529562	-18.665695	30.217636	12.862807
"1121"	"MZ"	"US"	3	2020-06-23	35.529562	-18.665695	-95.712891	37.09024
"1122"	"MZ"	"ZA"	2	2020-06-23	35.529562	-18.665695	22.937506	-30.559482
"1123"	"NG"	"PK"	1	2020-06-23	8.675277	9.081999	69.345116	30.375321
"1124"	"NG"	"SA"	2	2020-06-23	8.675277	9.081999	45.079162	23.885942
"1125"	"NG"	"TR"	1	2020-06-23	8.675277	9.081999	35.243322	38.963745
"1126"	"NG"	"TZ"	1	2020-06-23	8.675277	9.081999	34.888822	-6.369028
"1127"	"NG"	"UG"	1	2020-06-23	8.675277	9.081999	32.290275	1.373333
"1128"	"NG"	"US"	11	2020-06-23	8.675277	9.081999	-95.712891	37.09024
"1129"	"NG"	"VE"	1	2020-06-23	8.675277	9.081999	-66.58973	6.42375
"1130"	"NG"	"VN"	1	2020-06-23	8.675277	9.081999	108.277199	14.058324
"1131"	"NG"	"XK"	3	2020-06-23	8.675277	9.081999	20.902977	42.602636
"1132"	"NG"	"ZA"	7	2020-06-23	8.675277	9.081999	22.937506	-30.559482
"1133"	"NG"	"ZM"	1	2020-06-23	8.675277	9.081999	27.849332	-13.133897
"1134"	"NG"	"ZW"	3	2020-06-23	8.675277	9.081999	29.154857	-19.015438
"1135"	"NL"	"NO"	1	2020-06-23	5.291266	52.132633	8.468946	60.472024
"1136"	"NL"	"OM"	1	2020-06-23	5.291266	52.132633	55.923255	21.512583
"1137"	"NL"	"PL"	4	2020-06-23	5.291266	52.132633	19.145136	51.919438
"1138"	"NL"	"PT"	8	2020-06-23	5.291266	52.132633	-8.224454	39.399872
"1139"	"NL"	"RO"	1	2020-06-23	5.291266	52.132633	24.96676	45.943161
"1140"	"NL"	"RU"	1	2020-06-23	5.291266	52.132633	105.318756	61.52401
"1141"	"NL"	"SE"	22	2020-06-23	5.291266	52.132633	18.643501	60.128161
"1142"	"NL"	"SG"	1	2020-06-23	5.291266	52.132633	103.819836	1.352083
"1143"	"NL"	"SI"	1	2020-06-23	5.291266	52.132633	14.995463	46.151241
"1144"	"NL"	"SK"	2	2020-06-23	5.291266	52.132633	19.699024	48.669026
"1145"	"NL"	"SL"	1	2020-06-23	5.291266	52.132633	-11.779889	8.460555
"1146"	"NL"	"TH"	5	2020-06-23	5.291266	52.132633	100.992541	15.870032
"1147"	"NL"	"TR"	9	2020-06-23	5.291266	52.132633	35.243322	38.963745
"1148"	"NL"	"TW"	1	2020-06-23	5.291266	52.132633	120.960515	23.69781
"1149"	"NL"	"TZ"	1	2020-06-23	5.291266	52.132633	34.888822	-6.369028
"1150"	"NL"	"UA"	2	2020-06-23	5.291266	52.132633	31.16558	48.379433
"1151"	"NL"	"US"	121	2020-06-23	5.291266	52.132633	-95.712891	37.09024
"1152"	"NL"	"ZA"	16	2020-06-23	5.291266	52.132633	22.937506	-30.559482
"1153"	"NL"	"ZW"	1	2020-06-23	5.291266	52.132633	29.154857	-19.015438
"1154"	"NO"	"PL"	1	2020-06-23	8.468946	60.472024	19.145136	51.919438
"1155"	"NO"	"PT"	2	2020-06-23	8.468946	60.472024	-8.224454	39.399872
"1156"	"NO"	"SE"	11	2020-06-23	8.468946	60.472024	18.643501	60.128161
"1157"	"NO"	"SI"	1	2020-06-23	8.468946	60.472024	14.995463	46.151241
"1158"	"NO"	"TH"	1	2020-06-23	8.468946	60.472024	100.992541	15.870032
"1159"	"NO"	"TR"	3	2020-06-23	8.468946	60.472024	35.243322	38.963745
"1160"	"NO"	"US"	35	2020-06-23	8.468946	60.472024	-95.712891	37.09024
"1161"	"NO"	"VN"	1	2020-06-23	8.468946	60.472024	108.277199	14.058324
"1162"	"NO"	"ZA"	4	2020-06-23	8.468946	60.472024	22.937506	-30.559482
"1163"	"NP"	"OM"	1	2020-06-23	84.124008	28.394857	55.923255	21.512583
"1164"	"NP"	"PK"	4	2020-06-23	84.124008	28.394857	69.345116	30.375321
"1165"	"NP"	"PL"	1	2020-06-23	84.124008	28.394857	19.145136	51.919438
"1166"	"NP"	"QA"	1	2020-06-23	84.124008	28.394857	51.183884	25.354826
"1167"	"NP"	"SA"	6	2020-06-23	84.124008	28.394857	45.079162	23.885942
"1168"	"NP"	"SG"	3	2020-06-23	84.124008	28.394857	103.819836	1.352083
"1169"	"NP"	"TH"	1	2020-06-23	84.124008	28.394857	100.992541	15.870032
"1170"	"NP"	"TR"	1	2020-06-23	84.124008	28.394857	35.243322	38.963745
"1171"	"NP"	"UG"	1	2020-06-23	84.124008	28.394857	32.290275	1.373333
"1172"	"NP"	"US"	12	2020-06-23	84.124008	28.394857	-95.712891	37.09024
"1173"	"NP"	"VE"	3	2020-06-23	84.124008	28.394857	-66.58973	6.42375
"1174"	"NZ"	"RU"	1	2020-06-23	174.885971	-40.900557	105.318756	61.52401
"1175"	"NZ"	"SA"	1	2020-06-23	174.885971	-40.900557	45.079162	23.885942
"1176"	"NZ"	"SG"	2	2020-06-23	174.885971	-40.900557	103.819836	1.352083
"1177"	"NZ"	"US"	29	2020-06-23	174.885971	-40.900557	-95.712891	37.09024
"1178"	"NZ"	"XK"	3	2020-06-23	174.885971	-40.900557	20.902977	42.602636
"1179"	"NZ"	"ZA"	4	2020-06-23	174.885971	-40.900557	22.937506	-30.559482
"1180"	"OM"	"PK"	1	2020-06-23	55.923255	21.512583	69.345116	30.375321
"1181"	"OM"	"PL"	1	2020-06-23	55.923255	21.512583	19.145136	51.919438
"1182"	"OM"	"SA"	1	2020-06-23	55.923255	21.512583	45.079162	23.885942
"1183"	"OM"	"TN"	1	2020-06-23	55.923255	21.512583	9.537499	33.886917
"1184"	"OM"	"US"	5	2020-06-23	55.923255	21.512583	-95.712891	37.09024
"1185"	"OM"	"ZA"	4	2020-06-23	55.923255	21.512583	22.937506	-30.559482
"1186"	"PA"	"US"	2	2020-06-23	-80.782127	8.537981	-95.712891	37.09024
"1187"	"PA"	"VE"	3	2020-06-23	-80.782127	8.537981	-66.58973	6.42375
"1188"	"PE"	"PY"	1	2020-06-23	-75.015152	-9.189967	-58.443832	-23.442503
"1189"	"PE"	"US"	15	2020-06-23	-75.015152	-9.189967	-95.712891	37.09024
"1190"	"PE"	"VE"	6	2020-06-23	-75.015152	-9.189967	-66.58973	6.42375
"1191"	"PE"	"ZA"	1	2020-06-23	-75.015152	-9.189967	22.937506	-30.559482
"1192"	"PE"	"ZM"	1	2020-06-23	-75.015152	-9.189967	27.849332	-13.133897
"1193"	"PF"	"US"	1	2020-06-23	-149.406843	-17.679742	-95.712891	37.09024
"1194"	"PG"	"ZA"	1	2020-06-23	143.95555	-6.314993	22.937506	-30.559482
"1195"	"PH"	"TW"	2	2020-06-23	121.774017	12.879721	120.960515	23.69781
"1196"	"PH"	"US"	6	2020-06-23	121.774017	12.879721	-95.712891	37.09024
"1197"	"PH"	"UY"	1	2020-06-23	121.774017	12.879721	-55.765835	-32.522779
"1198"	"PH"	"ZA"	1	2020-06-23	121.774017	12.879721	22.937506	-30.559482
"1199"	"PK"	"SA"	5	2020-06-23	69.345116	30.375321	45.079162	23.885942
"1200"	"PK"	"TH"	3	2020-06-23	69.345116	30.375321	100.992541	15.870032
"1201"	"PK"	"TR"	5	2020-06-23	69.345116	30.375321	35.243322	38.963745
"1202"	"PK"	"US"	30	2020-06-23	69.345116	30.375321	-95.712891	37.09024
"1203"	"PK"	"VN"	1	2020-06-23	69.345116	30.375321	108.277199	14.058324
"1204"	"PK"	"YE"	2	2020-06-23	69.345116	30.375321	48.516388	15.552727
"1205"	"PK"	"ZA"	2	2020-06-23	69.345116	30.375321	22.937506	-30.559482
"1206"	"PL"	"PT"	4	2020-06-23	19.145136	51.919438	-8.224454	39.399872
"1207"	"PL"	"RO"	3	2020-06-23	19.145136	51.919438	24.96676	45.943161
"1208"	"PL"	"RU"	1	2020-06-23	19.145136	51.919438	105.318756	61.52401
"1209"	"PL"	"SA"	1	2020-06-23	19.145136	51.919438	45.079162	23.885942
"1210"	"PL"	"SE"	5	2020-06-23	19.145136	51.919438	18.643501	60.128161
"1211"	"PL"	"SG"	1	2020-06-23	19.145136	51.919438	103.819836	1.352083
"1212"	"PL"	"TR"	3	2020-06-23	19.145136	51.919438	35.243322	38.963745
"1213"	"PL"	"UA"	2	2020-06-23	19.145136	51.919438	31.16558	48.379433
"1214"	"PL"	"US"	62	2020-06-23	19.145136	51.919438	-95.712891	37.09024
"1215"	"PL"	"ZA"	4	2020-06-23	19.145136	51.919438	22.937506	-30.559482
"1216"	"PR"	"US"	3	2020-06-23	-66.590149	18.220833	-95.712891	37.09024
"1217"	"PS"	"US"	3	2020-06-23	35.233154	31.952162	-95.712891	37.09024
"1218"	"PT"	"RU"	1	2020-06-23	-8.224454	39.399872	105.318756	61.52401
"1219"	"PT"	"SA"	1	2020-06-23	-8.224454	39.399872	45.079162	23.885942
"1220"	"PT"	"SE"	4	2020-06-23	-8.224454	39.399872	18.643501	60.128161
"1221"	"PT"	"SK"	2	2020-06-23	-8.224454	39.399872	19.699024	48.669026
"1222"	"PT"	"TR"	6	2020-06-23	-8.224454	39.399872	35.243322	38.963745
"1223"	"PT"	"US"	32	2020-06-23	-8.224454	39.399872	-95.712891	37.09024
"1224"	"PT"	"VN"	1	2020-06-23	-8.224454	39.399872	108.277199	14.058324
"1225"	"PT"	"XK"	3	2020-06-23	-8.224454	39.399872	20.902977	42.602636
"1226"	"PT"	"ZA"	7	2020-06-23	-8.224454	39.399872	22.937506	-30.559482
"1227"	"PY"	"VE"	2	2020-06-23	-58.443832	-23.442503	-66.58973	6.42375
"1228"	"QA"	"SA"	1	2020-06-23	51.183884	25.354826	45.079162	23.885942
"1229"	"QA"	"TN"	1	2020-06-23	51.183884	25.354826	9.537499	33.886917
"1230"	"QA"	"US"	9	2020-06-23	51.183884	25.354826	-95.712891	37.09024
"1231"	"QA"	"ZA"	1	2020-06-23	51.183884	25.354826	22.937506	-30.559482
"1232"	"RO"	"RS"	1	2020-06-23	24.96676	45.943161	21.005859	44.016521
"1233"	"RO"	"SE"	1	2020-06-23	24.96676	45.943161	18.643501	60.128161
"1234"	"RO"	"SI"	1	2020-06-23	24.96676	45.943161	14.995463	46.151241
"1235"	"RO"	"TR"	3	2020-06-23	24.96676	45.943161	35.243322	38.963745
"1236"	"RO"	"UA"	1	2020-06-23	24.96676	45.943161	31.16558	48.379433
"1237"	"RO"	"US"	17	2020-06-23	24.96676	45.943161	-95.712891	37.09024
"1238"	"RO"	"XK"	1	2020-06-23	24.96676	45.943161	20.902977	42.602636
"1239"	"RO"	"ZA"	1	2020-06-23	24.96676	45.943161	22.937506	-30.559482
"1240"	"RS"	"SK"	2	2020-06-23	21.005859	44.016521	19.699024	48.669026
"1241"	"RS"	"TR"	2	2020-06-23	21.005859	44.016521	35.243322	38.963745
"1242"	"RS"	"US"	6	2020-06-23	21.005859	44.016521	-95.712891	37.09024
"1243"	"RS"	"XK"	1	2020-06-23	21.005859	44.016521	20.902977	42.602636
"1244"	"RU"	"SE"	1	2020-06-23	105.318756	61.52401	18.643501	60.128161
"1245"	"RU"	"SG"	2	2020-06-23	105.318756	61.52401	103.819836	1.352083
"1246"	"RU"	"TR"	1	2020-06-23	105.318756	61.52401	35.243322	38.963745
"1247"	"RU"	"UA"	1	2020-06-23	105.318756	61.52401	31.16558	48.379433
"1248"	"RU"	"US"	18	2020-06-23	105.318756	61.52401	-95.712891	37.09024
"1249"	"RU"	"ZA"	8	2020-06-23	105.318756	61.52401	22.937506	-30.559482
"1250"	"RU"	"ZM"	1	2020-06-23	105.318756	61.52401	27.849332	-13.133897
"1251"	"RW"	"US"	3	2020-06-23	29.873888	-1.940278	-95.712891	37.09024
"1252"	"RW"	"ZA"	4	2020-06-23	29.873888	-1.940278	22.937506	-30.559482
"1253"	"RW"	"ZW"	1	2020-06-23	29.873888	-1.940278	29.154857	-19.015438
"1254"	"SA"	"SG"	1	2020-06-23	45.079162	23.885942	103.819836	1.352083
"1255"	"SA"	"TN"	1	2020-06-23	45.079162	23.885942	9.537499	33.886917
"1256"	"SA"	"TR"	2	2020-06-23	45.079162	23.885942	35.243322	38.963745
"1257"	"SA"	"US"	52	2020-06-23	45.079162	23.885942	-95.712891	37.09024
"1258"	"SA"	"VE"	2	2020-06-23	45.079162	23.885942	-66.58973	6.42375
"1259"	"SA"	"VN"	2	2020-06-23	45.079162	23.885942	108.277199	14.058324
"1260"	"SA"	"YE"	2	2020-06-23	45.079162	23.885942	48.516388	15.552727
"1261"	"SA"	"ZA"	5	2020-06-23	45.079162	23.885942	22.937506	-30.559482
"1262"	"SA"	"ZM"	1	2020-06-23	45.079162	23.885942	27.849332	-13.133897
"1263"	"SD"	"TN"	1	2020-06-23	30.217636	12.862807	9.537499	33.886917
"1264"	"SD"	"TW"	1	2020-06-23	30.217636	12.862807	120.960515	23.69781
"1265"	"SD"	"US"	1	2020-06-23	30.217636	12.862807	-95.712891	37.09024
"1266"	"SD"	"YE"	2	2020-06-23	30.217636	12.862807	48.516388	15.552727
"1267"	"SD"	"ZA"	1	2020-06-23	30.217636	12.862807	22.937506	-30.559482
"1268"	"SD"	"ZM"	1	2020-06-23	30.217636	12.862807	27.849332	-13.133897
"1269"	"SD"	"ZW"	1	2020-06-23	30.217636	12.862807	29.154857	-19.015438
"1270"	"SE"	"SG"	1	2020-06-23	18.643501	60.128161	103.819836	1.352083
"1271"	"SE"	"SK"	1	2020-06-23	18.643501	60.128161	19.699024	48.669026
"1272"	"SE"	"TR"	4	2020-06-23	18.643501	60.128161	35.243322	38.963745
"1273"	"SE"	"TW"	1	2020-06-23	18.643501	60.128161	120.960515	23.69781
"1274"	"SE"	"UA"	2	2020-06-23	18.643501	60.128161	31.16558	48.379433
"1275"	"SE"	"US"	57	2020-06-23	18.643501	60.128161	-95.712891	37.09024
"1276"	"SE"	"VN"	2	2020-06-23	18.643501	60.128161	108.277199	14.058324
"1277"	"SE"	"ZA"	13	2020-06-23	18.643501	60.128161	22.937506	-30.559482
"1278"	"SG"	"SN"	1	2020-06-23	103.819836	1.352083	-14.452362	14.497401
"1279"	"SG"	"TH"	2	2020-06-23	103.819836	1.352083	100.992541	15.870032
"1280"	"SG"	"TR"	2	2020-06-23	103.819836	1.352083	35.243322	38.963745
"1281"	"SG"	"TW"	7	2020-06-23	103.819836	1.352083	120.960515	23.69781
"1282"	"SG"	"US"	74	2020-06-23	103.819836	1.352083	-95.712891	37.09024
"1283"	"SG"	"UY"	1	2020-06-23	103.819836	1.352083	-55.765835	-32.522779
"1284"	"SG"	"VN"	9	2020-06-23	103.819836	1.352083	108.277199	14.058324
"1285"	"SG"	"XK"	2	2020-06-23	103.819836	1.352083	20.902977	42.602636
"1286"	"SG"	"ZA"	12	2020-06-23	103.819836	1.352083	22.937506	-30.559482
"1287"	"SG"	"ZW"	1	2020-06-23	103.819836	1.352083	29.154857	-19.015438
"1288"	"SI"	"SK"	2	2020-06-23	14.995463	46.151241	19.699024	48.669026
"1289"	"SI"	"TR"	2	2020-06-23	14.995463	46.151241	35.243322	38.963745
"1290"	"SI"	"US"	6	2020-06-23	14.995463	46.151241	-95.712891	37.09024
"1291"	"SI"	"XK"	1	2020-06-23	14.995463	46.151241	20.902977	42.602636
"1292"	"SK"	"TR"	1	2020-06-23	19.699024	48.669026	35.243322	38.963745
"1293"	"SK"	"US"	2	2020-06-23	19.699024	48.669026	-95.712891	37.09024
"1294"	"SL"	"US"	1	2020-06-23	-11.779889	8.460555	-95.712891	37.09024
"1295"	"SN"	"US"	7	2020-06-23	-14.452362	14.497401	-95.712891	37.09024
"1296"	"SN"	"ZA"	4	2020-06-23	-14.452362	14.497401	22.937506	-30.559482
"1297"	"SN"	"ZW"	1	2020-06-23	-14.452362	14.497401	29.154857	-19.015438
"1298"	"SO"	"TZ"	1	2020-06-23	46.199616	5.152149	34.888822	-6.369028
"1299"	"SO"	"US"	1	2020-06-23	46.199616	5.152149	-95.712891	37.09024
"1300"	"SV"	"VE"	2	2020-06-23	-88.89653	13.794185	-66.58973	6.42375
"1301"	"SY"	"TN"	1	2020-06-23	38.996815	34.802075	9.537499	33.886917
"1302"	"SY"	"TR"	1	2020-06-23	38.996815	34.802075	35.243322	38.963745
"1303"	"SY"	"US"	1	2020-06-23	38.996815	34.802075	-95.712891	37.09024
"1304"	"TG"	"ZA"	1	2020-06-23	0.824782	8.619543	22.937506	-30.559482
"1305"	"TH"	"TW"	4	2020-06-23	100.992541	15.870032	120.960515	23.69781
"1306"	"TH"	"US"	16	2020-06-23	100.992541	15.870032	-95.712891	37.09024
"1307"	"TH"	"VN"	2	2020-06-23	100.992541	15.870032	108.277199	14.058324
"1308"	"TH"	"ZA"	1	2020-06-23	100.992541	15.870032	22.937506	-30.559482
"1309"	"TH"	"ZW"	1	2020-06-23	100.992541	15.870032	29.154857	-19.015438
"1310"	"TN"	"US"	2	2020-06-23	9.537499	33.886917	-95.712891	37.09024
"1311"	"TN"	"XK"	3	2020-06-23	9.537499	33.886917	20.902977	42.602636
"1312"	"TN"	"ZA"	2	2020-06-23	9.537499	33.886917	22.937506	-30.559482
"1313"	"TN"	"ZW"	1	2020-06-23	9.537499	33.886917	29.154857	-19.015438
"1314"	"TR"	"US"	32	2020-06-23	35.243322	38.963745	-95.712891	37.09024
"1315"	"TR"	"VN"	1	2020-06-23	35.243322	38.963745	108.277199	14.058324
"1316"	"TR"	"XK"	1	2020-06-23	35.243322	38.963745	20.902977	42.602636
"1317"	"TR"	"ZA"	7	2020-06-23	35.243322	38.963745	22.937506	-30.559482
"1318"	"TR"	"ZW"	1	2020-06-23	35.243322	38.963745	29.154857	-19.015438
"1319"	"TW"	"US"	41	2020-06-23	120.960515	23.69781	-95.712891	37.09024
"1320"	"TW"	"VN"	2	2020-06-23	120.960515	23.69781	108.277199	14.058324
"1321"	"TW"	"ZA"	6	2020-06-23	120.960515	23.69781	22.937506	-30.559482
"1322"	"TZ"	"UG"	1	2020-06-23	34.888822	-6.369028	32.290275	1.373333
"1323"	"TZ"	"US"	4	2020-06-23	34.888822	-6.369028	-95.712891	37.09024
"1324"	"TZ"	"ZA"	2	2020-06-23	34.888822	-6.369028	22.937506	-30.559482
"1325"	"TZ"	"ZM"	1	2020-06-23	34.888822	-6.369028	27.849332	-13.133897
"1326"	"UA"	"US"	3	2020-06-23	31.16558	48.379433	-95.712891	37.09024
"1327"	"UG"	"US"	5	2020-06-23	32.290275	1.373333	-95.712891	37.09024
"1328"	"UG"	"ZA"	1	2020-06-23	32.290275	1.373333	22.937506	-30.559482
"1329"	"UG"	"ZM"	1	2020-06-23	32.290275	1.373333	27.849332	-13.133897
"1330"	"UG"	"ZW"	1	2020-06-23	32.290275	1.373333	29.154857	-19.015438
"1331"	"US"	"AW"	1	2020-06-23	-95.712891	37.09024	-69.968338	12.52111
"1332"	"US"	"UY"	6	2020-06-23	-95.712891	37.09024	-55.765835	-32.522779
"1333"	"US"	"VE"	6	2020-06-23	-95.712891	37.09024	-66.58973	6.42375
"1334"	"US"	"VN"	15	2020-06-23	-95.712891	37.09024	108.277199	14.058324
"1335"	"US"	"XK"	4	2020-06-23	-95.712891	37.09024	20.902977	42.602636
"1336"	"US"	"ZA"	75	2020-06-23	-95.712891	37.09024	22.937506	-30.559482
"1337"	"US"	"ZM"	4	2020-06-23	-95.712891	37.09024	27.849332	-13.133897
"1338"	"US"	"ZW"	5	2020-06-23	-95.712891	37.09024	29.154857	-19.015438
"1339"	"UY"	"VE"	4	2020-06-23	-55.765835	-32.522779	-66.58973	6.42375
"1340"	"VE"	"ZA"	1	2020-06-23	-66.58973	6.42375	22.937506	-30.559482
"1341"	"VE"	"ZW"	1	2020-06-23	-66.58973	6.42375	29.154857	-19.015438
"1342"	"ZA"	"ZW"	3	2020-06-23	22.937506	-30.559482	29.154857	-19.015438
